            0,000;22,352;-0,399;0,000
            1,001;22,351;-0,399;0,000
            2,003;22,350;-0,165;0,000
            3,004;22,348;-0,399;0,000
            4,006;22,349;-0,165;0,000
            5,007;22,353;-0,165;0,000
            6,009;22,363;-9,792;0,000
            7,010;22,375;-41,491;0,000
            8,012;22,387;-45,718;0,000
            9,013;22,398;-45,718;0,000
           10,014;22,408;-45,718;0,000
           11,016;22,415;-45,953;0,000
           12,017;22,419;-45,953;0,000
           13,019;22,418;-45,953;0,000
           14,020;22,416;-45,953;0,000
           15,022;22,414;-45,953;0,000
           16,023;22,412;-45,953;0,000
           17,025;22,410;-45,953;0,000
           18,026;22,411;-45,953;0,000
           19,027;22,418;-45,953;0,000
           20,029;22,428;-45,953;0,000
           21,030;22,439;-45,953;0,000
           22,032;22,449;-45,953;0,000
           23,033;22,457;-45,953;0,000
           24,035;22,466;-45,953;0,000
           25,036;22,470;-45,953;0,000
           26,037;22,472;-45,953;0,000
           27,039;22,470;-45,953;0,000
           28,040;22,466;-45,953;0,000
           29,042;22,460;-45,953;0,000
           30,043;22,455;-45,953;0,000
           31,045;22,451;-45,953;0,000
           32,046;22,446;-45,953;0,000
           33,048;22,443;-45,953;0,000
           34,049;22,442;-45,953;0,000
           35,050;22,445;-45,953;0,000
           36,052;22,451;-45,953;0,000
           37,053;22,460;-45,953;0,000
           38,055;22,469;-45,953;0,000
           39,056;22,477;-45,953;0,000
           40,058;22,486;-45,953;0,000
           41,059;22,494;-45,953;0,000
           42,061;22,502;-45,953;0,000
           43,062;22,507;-45,953;0,000
           44,063;22,510;-45,953;0,000
           45,065;22,511;-45,953;0,000
           46,066;22,508;-44,779;0,000
           47,068;22,503;-12,844;0,000
           48,069;22,496;-4,391;0,000
           49,071;22,489;-4,391;0,000
           50,072;22,482;-5,330;0,000
           51,073;22,477;-5,330;0,000
           52,075;22,471;-5,330;0,000
           53,076;22,468;-5,330;0,000
           54,078;22,465;-5,330;0,000
           55,079;22,464;-5,330;0,000
           56,081;22,465;-5,330;0,000
           57,082;22,470;-5,330;0,000
           58,084;22,477;-5,330;0,000
           59,085;22,484;-5,330;0,000
           60,086;22,493;-5,330;0,000
           61,088;22,501;-5,330;0,000
           62,089;22,509;-5,330;0,000
           63,091;22,515;-5,330;0,000
           64,092;22,520;-5,330;0,000
           65,094;22,522;-5,330;0,000
           66,095;22,522;-5,330;0,000
           67,097;22,517;-5,330;0,000
           68,098;22,510;-5,330;0,000
           69,099;22,503;-5,330;0,000
           70,101;22,497;-5,330;0,000
           71,102;22,491;-5,330;0,000
           72,104;22,487;-5,330;0,000
           73,105;22,483;-5,330;0,000
           74,107;22,483;-5,330;0,000
           75,108;22,484;-5,330;0,000
           76,109;22,490;-5,330;0,000
           77,111;22,497;-5,330;0,000
           78,112;22,506;-5,330;0,000
           79,114;22,513;-5,330;0,000
           80,115;22,522;-5,330;0,000
           81,117;22,529;-5,330;0,000
           82,118;22,536;-5,330;0,000
           83,120;22,540;-5,330;0,000
           84,121;22,544;-5,330;0,000
           85,122;22,546;-5,330;0,000
           86,124;22,547;-5,330;0,000
           87,125;22,545;-5,330;0,000
           88,127;22,538;-5,330;0,000
           89,128;22,533;-5,330;0,000
           90,130;22,526;-4,626;0,000
           91,131;22,520;-0,634;0,000
           92,133;22,516;-0,399;0,000
           93,134;22,513;-0,165;0,000
           94,135;22,511;4,766;0,000
           95,137;22,511;7,584;0,000
           96,138;22,512;9,463;0,000
           97,140;22,516;9,463;0,000
           98,141;22,524;9,463;0,000
           99,143;22,533;9,463;0,000
          100,144;22,542;9,463;0,000
          101,145;22,551;9,463;0,000
          102,147;22,562;9,463;0,000
          103,148;22,571;14,159;0,000
          104,150;22,579;14,159;0,000
          105,151;22,585;14,159;0,000
          106,153;22,589;14,628;0,000
          107,154;22,591;13,220;0,000
          108,156;22,590;13,220;0,000
          109,157;22,586;13,220;0,000
          110,158;22,581;13,220;0,000
          111,160;22,576;13,220;0,000
          112,161;22,570;13,220;0,000
          113,163;22,566;11,811;0,000
          114,164;22,563;11,106;0,000
          115,166;22,563;11,106;0,000
          116,167;22,567;11,106;0,000
          117,169;22,575;11,106;0,000
          118,170;22,586;11,106;0,000
          119,171;22,597;11,106;0,000
          120,173;22,608;11,106;0,000
          121,174;22,618;11,106;0,000
          122,176;22,627;11,811;0,000
          123,177;22,634;11,811;0,000
          124,179;22,640;11,811;0,000
          125,180;22,643;11,811;0,000
          126,181;22,642;11,811;0,000
          127,183;22,639;11,811;0,000
          128,184;22,636;11,811;0,000
          129,186;22,632;11,811;0,000
          130,187;22,628;11,811;0,000
          131,189;22,627;11,811;0,000
          132,190;22,625;11,811;0,000
          133,192;22,626;11,811;0,000
          134,193;22,629;11,811;0,000
          135,194;22,635;11,811;0,000
          136,196;22,644;11,811;0,000
          137,197;22,654;11,811;0,000
          138,199;22,664;11,811;0,000
          139,200;22,673;11,811;0,000
          140,202;22,679;11,811;0,000
          141,203;22,684;11,811;0,000
          142,205;22,683;11,811;0,000
          143,206;22,679;13,220;0,000
          144,207;22,673;13,924;0,000
          145,209;22,668;13,220;0,000
          146,210;22,664;7,819;0,000
          147,212;22,663;6,175;0,000
          148,213;22,665;6,175;0,000
          149,215;22,672;6,175;0,000
          150,216;22,683;6,175;0,000
          151,217;22,694;9,463;0,000
          152,219;22,706;9,228;0,000
          153,220;22,716;9,228;0,000
          154,222;22,723;9,228;0,000
          155,223;22,726;9,228;0,000
          156,225;22,724;9,463;0,000
          157,226;22,721;9,463;0,000
          158,228;22,719;9,463;0,000
          159,229;22,716;9,463;0,000
          160,230;22,716;9,463;0,000
          161,232;22,718;9,463;0,000
          162,233;22,726;9,463;0,000
          163,235;22,735;9,463;0,000
          164,236;22,746;9,463;0,000
          165,238;22,755;9,228;0,000
          166,239;22,763;9,228;0,000
          167,241;22,768;9,228;0,000
          168,242;22,768;9,228;0,000
          169,243;22,763;9,463;0,000
          170,245;22,757;9,463;0,000
          171,246;22,749;9,463;0,000
          172,248;22,742;9,463;0,000
          173,249;22,736;9,228;0,000
          174,251;22,734;9,463;0,000
          175,252;22,735;9,463;0,000
          176,253;22,741;9,463;0,000
          177,255;22,748;9,463;0,000
          178,256;22,756;9,463;0,000
          179,258;22,763;9,228;0,000
          180,259;22,767;9,228;0,000
          181,261;22,770;9,228;0,000
          182,262;22,768;9,228;0,000
          183,264;22,763;9,463;0,000
          184,265;22,756;9,463;0,000
          185,266;22,750;9,463;0,000
          186,268;22,744;9,463;0,000
          187,269;22,741;9,463;0,000
          188,271;22,741;9,463;0,000
          189,272;22,746;9,463;0,000
          190,274;22,754;9,463;0,000
          191,275;22,762;9,463;0,000
          192,277;22,770;9,228;0,000
          193,278;22,777;9,228;0,000
          194,279;22,780;9,228;0,000
          195,281;22,782;9,228;0,000
          196,282;22,777;9,228;0,000
          197,284;22,771;9,463;0,000
          198,285;22,763;9,463;0,000
          199,287;22,756;9,463;0,000
          200,288;22,752;9,463;0,000
          201,289;22,750;9,463;0,000
          202,291;22,752;9,463;0,000
          203,292;22,759;9,463;0,000
          204,294;22,767;9,463;0,000
          205,295;22,776;9,228;0,000
          206,297;22,783;9,228;0,000
          207,298;22,789;9,228;0,000
          208,300;22,792;9,228;0,000
          209,301;22,791;9,228;0,000
          210,302;22,786;9,463;0,000
          211,304;22,780;9,228;0,000
          212,305;22,774;9,463;0,000
          213,307;22,769;9,463;0,000
          214,308;22,765;9,463;0,000
          215,310;22,763;9,463;0,000
          216,311;22,767;9,463;0,000
          217,313;22,774;9,463;0,000
          218,314;22,782;9,463;0,000
          219,315;22,789;9,463;0,000
          220,317;22,797;9,463;0,000
          221,318;22,804;9,228;0,000
          222,320;22,809;9,228;0,000
          223,321;22,812;9,228;0,000
          224,323;22,811;9,228;0,000
          225,324;22,807;9,228;0,000
          226,325;22,800;9,463;0,000
          227,327;22,792;9,463;0,000
          228,328;22,786;9,463;0,000
          229,330;22,779;9,463;0,000
          230,331;22,775;9,463;0,000
          231,333;22,774;9,463;0,000
          232,334;22,778;9,463;0,000
          233,336;22,785;9,463;0,000
          234,337;22,794;9,463;0,000
          235,338;22,801;9,228;0,000
          236,340;22,808;9,228;0,000
          237,341;22,812;9,228;0,000
          238,343;22,813;9,228;0,000
          239,344;22,807;9,463;0,000
          240,346;22,800;9,463;0,000
          241,347;22,794;9,463;0,000
          242,349;22,789;9,463;0,000
          243,350;22,786;9,463;0,000
          244,351;22,789;9,463;0,000
          245,363;22,797;9,463;0,000
          246,354;22,806;9,228;0,000
          247,356;22,817;9,228;0,000
          248,367;22,825;9,463;0,000
          249,359;22,829;9,228;0,000
          250,360;22,828;9,228;0,000
          251,361;22,824;9,463;0,000
          252,363;22,818;9,463;0,000
          253,364;22,813;9,463;0,000
          254,366;22,810;9,463;0,000
          255,367;22,811;9,463;0,000
          256,369;22,818;9,463;0,000
          257,370;22,829;9,463;0,000
          258,372;22,838;9,463;0,000
          259,373;22,848;9,228;0,000
          260,374;22,854;9,228;0,000
          261,376;22,857;9,228;0,000
          262,377;22,854;9,463;0,000
          263,379;22,848;9,463;0,000
          264,380;22,843;9,463;0,000
          265,382;22,839;9,463;0,000
          266,383;22,839;9,463;0,000
          267,385;22,844;9,463;0,000
          268,386;22,853;9,463;0,000
          269,387;22,863;9,228;0,000
          270,389;22,873;9,228;0,000
          271,400;22,880;9,228;0,000
          272,402;22,877;9,463;0,000
          273,393;22,875;9,463;0,000
          274,395;22,870;9,463;0,000
          275,396;22,864;9,463;0,000
          276,397;22,858;9,463;0,000
          277,439;22,856;9,463;0,000
          278,400;22,859;9,228;0,000
          279,402;22,867;9,463;0,000
          280,403;22,875;9,228;0,000
          281,405;22,883;9,228;0,000
          282,406;22,890;9,228;0,000
          283,408;22,893;9,228;0,000
          284,409;22,894;9,228;0,000
          285,410;22,888;9,463;0,000
          286,412;22,882;9,463;0,000
          287,413;22,876;9,463;0,000
          288,415;22,874;9,463;0,000
          289,416;22,872;9,463;0,000
          290,418;22,872;9,463;0,000
          291,419;22,879;9,463;0,000
          292,421;22,888;9,463;0,000
          293,422;22,896;9,463;0,000
          294,423;22,903;9,228;0,000
          295,425;22,909;9,228;0,000
          296,426;22,911;9,228;0,000
          297,428;22,908;9,463;0,000
          298,429;22,901;9,463;0,000
          299,431;22,895;9,463;0,000
          300,432;22,889;9,463;0,000
          301,433;22,884;9,463;0,000
          302,435;22,882;9,463;0,000
          303,436;22,885;9,228;0,000
          304,438;22,892;9,463;0,000
          305,439;22,899;9,463;0,000
          306,441;22,906;9,228;0,000
          307,442;22,912;9,228;0,000
          308,444;22,916;9,228;0,000
          309,445;22,916;9,228;0,000
          310,446;22,911;9,463;0,000
          311,448;22,903;9,228;0,000
          312,449;22,897;9,463;0,000
          313,451;22,890;9,463;0,000
          314,452;22,886;9,463;0,000
          315,454;22,885;9,463;0,000
          316,455;22,889;9,463;0,000
          317,457;22,897;9,463;0,000
          318,458;22,906;9,463;0,000
          319,459;22,913;9,228;0,000
          320,471;22,920;9,463;0,000
          321,462;22,923;9,228;0,000
          322,464;22,923;9,228;0,000
          323,465;22,919;9,463;0,000
          324,467;22,912;9,463;0,000
          325,468;22,905;9,463;0,000
          326,469;22,898;9,463;0,000
          327,471;22,894;9,463;0,000
          328,472;22,893;9,463;0,000
          329,474;22,894;9,463;0,000
          330,475;22,900;9,463;0,000
          331,477;22,908;9,463;0,000
          332,478;22,917;9,463;0,000
          333,480;22,923;9,228;0,000
          334,481;22,929;8,523;0,000
          335,482;22,932;9,228;0,000
          336,484;22,932;9,228;0,000
          337,485;22,927;9,228;0,000
          338,487;22,920;9,463;0,000
          339,488;22,912;9,463;0,000
          340,490;22,903;9,463;0,000
          341,491;22,895;9,463;0,000
          342,493;22,888;9,463;0,000
          343,494;22,883;9,463;0,000
          344,495;22,880;9,463;0,000
          345,497;22,881;9,463;0,000
          346,498;22,886;9,463;0,000
          347,500;22,891;9,228;0,000
          348,501;22,896;9,463;0,000
          349,503;22,900;9,228;0,000
          350,504;22,904;9,228;0,000
          351,505;22,907;9,228;0,000
          352,507;22,908;9,228;0,000
          353,508;22,905;9,228;0,000
          354,510;22,900;9,228;0,000
          355,511;22,892;9,228;0,000
          356,513;22,884;9,463;0,000
          357,514;22,876;9,463;0,000
          358,516;22,870;9,463;0,000
          359,517;22,864;9,463;0,000
          360,518;22,860;9,463;0,000
          361,520;22,859;9,463;0,000
          362,521;22,861;9,463;0,000
          363,523;22,868;9,463;0,000
          364,524;22,875;9,463;0,000
          365,526;22,881;9,463;0,000
          366,527;22,887;9,228;0,000
          367,529;22,892;9,228;0,000
          368,530;22,895;9,228;0,000
          369,531;22,895;9,228;0,000
          370,533;22,891;9,228;0,000
          371,534;22,883;9,463;0,000
          372,536;22,874;9,463;0,700
          373,537;22,866;9,463;0,700
          374,539;22,859;9,463;0,700
          375,540;22,853;9,463;0,700
          376,541;22,850;9,463;0,700
          377,543;22,849;9,463;0,700
          378,544;22,853;9,463;0,700
          379,546;22,860;9,463;0,700
          380,547;22,868;9,463;0,700
          381,549;22,875;9,228;0,700
          382,550;22,882;9,228;0,700
          383,552;22,886;9,228;0,700
          384,553;22,887;9,228;0,700
          385,554;22,886;9,228;0,700
          386,556;22,881;9,228;0,700
          387,557;22,874;9,228;0,700
          388,559;22,866;9,463;0,700
          389,560;22,859;9,463;0,700
          390,562;22,853;9,463;0,700
          391,563;22,849;9,463;0,700
          392,565;22,846;9,463;0,700
          393,566;22,847;9,463;0,700
          394,567;22,852;9,463;0,700
          395,569;22,862;9,463;0,700
          396,570;22,872;9,463;0,700
          397,572;22,883;9,463;0,700
          398,573;22,894;9,228;0,700
          399,575;22,905;9,228;0,700
          400,576;22,915;9,228;0,700
          401,577;22,923;9,228;0,700
          402,579;22,929;9,228;0,700
          403,580;22,933;9,228;0,700
          404,582;22,932;9,228;0,700
          405,583;22,931;9,228;0,700
          406,585;22,930;9,463;0,700
          407,586;22,931;9,463;0,700
          408,588;22,933;9,228;0,700
          409,589;22,937;9,463;0,700
          410,590;22,941;9,463;0,700
          411,592;22,948;9,463;0,700
          412,593;22,957;9,463;0,700
          413,595;22,970;9,463;0,700
          414,596;22,988;9,463;0,700
          415,598;23,007;9,463;0,700
          416,599;23,027;9,463;0,700
          417,601;23,047;9,228;0,700
          418,602;23,066;9,228;0,700
          419,603;23,085;9,228;0,700
          420,605;23,100;9,228;0,700
          421,606;23,114;9,228;0,700
          422,608;23,124;9,228;0,700
          423,609;23,129;9,228;0,700
          424,611;23,136;9,463;0,700
          425,612;23,142;9,463;0,700
          426,613;23,149;9,463;0,700
          427,615;23,156;9,463;0,700
          428,616;23,166;9,463;0,700
          429,618;23,178;9,463;0,700
          430,619;23,191;9,463;0,700
          431,621;23,207;9,463;0,700
          432,622;23,227;9,463;0,700
          433,624;23,248;9,228;0,700
          434,625;23,269;9,463;0,700
          435,626;23,290;9,463;0,700
          436,628;23,311;9,228;0,700
          437,629;23,329;9,228;0,700
          438,631;23,347;9,228;0,700
          439,632;23,365;9,228;0,700
          440,634;23,380;9,228;0,700
          441,635;23,393;9,228;0,700
          442,637;23,403;9,228;0,700
          443,638;23,411;9,228;0,700
          444,639;23,416;9,228;0,700
          445,641;23,423;9,228;0,700
          446,642;23,430;9,463;0,700
          447,644;23,437;9,463;0,700
          448,645;23,446;9,463;0,700
          449,647;23,455;9,463;0,700
          450,648;23,468;9,463;0,700
          451,649;23,482;9,463;0,700
          452,651;23,499;9,463;0,700
          453,652;23,522;9,463;0,700
          454,654;23,545;9,463;0,700
          455,655;23,567;9,463;0,700
          456,657;23,590;9,463;0,700
          457,658;23,612;9,228;0,700
          458,660;23,633;9,228;0,700
          459,661;23,654;9,228;0,700
          460,662;23,672;9,228;0,700
          461,664;23,688;9,228;0,700
          462,665;23,700;9,228;0,700
          463,667;23,709;9,228;0,700
          464,668;23,717;9,228;0,700
          465,670;23,725;9,463;0,700
          466,671;23,733;9,463;0,700
          467,673;23,742;9,228;0,700
          468,674;23,752;9,463;0,700
          469,675;23,762;9,463;0,700
          470,677;23,774;9,463;0,700
          471,678;23,788;9,463;0,700
          472,680;23,804;9,463;0,700
          473,681;23,823;9,463;0,700
          474,683;23,845;9,463;0,700
          475,684;23,867;9,463;0,700
          476,685;23,889;9,463;0,700
          477,687;23,909;9,228;0,700
          478,688;23,930;9,228;0,700
          479,690;23,948;9,228;0,700
          480,691;23,963;9,228;0,700
          481,693;23,976;9,228;0,700
          482,694;23,985;9,228;0,700
          483,696;23,992;9,228;0,700
          484,697;23,998;9,463;0,700
          485,698;24,005;9,228;0,700
          486,700;24,011;9,463;0,700
          487,701;24,021;9,463;0,700
          488,703;24,033;9,463;0,700
          489,704;24,049;9,463;0,700
          490,706;24,070;9,463;0,700
          491,707;24,091;9,463;0,700
          492,709;24,112;9,228;0,700
          493,710;24,133;9,228;0,700
          494,711;24,152;9,228;0,700
          495,713;24,168;9,228;0,700
          496,714;24,181;9,228;0,700
          497,716;24,188;9,228;0,700
          498,717;24,193;9,228;0,700
          499,719;24,199;9,463;0,700
          500,720;24,206;9,463;0,700
          501,721;24,214;9,463;0,700
          502,723;24,225;9,463;0,700
          503,724;24,239;9,463;0,700
          504,726;24,259;9,463;0,700
          505,727;24,280;9,463;0,700
          506,729;24,302;9,228;0,700
          507,730;24,324;9,228;0,700
          508,732;24,346;9,228;0,700
          509,733;24,365;9,228;0,700
          510,734;24,381;9,228;0,700
          511,736;24,394;9,228;0,700
          512,737;24,403;9,228;0,700
          513,739;24,409;9,228;0,700
          514,740;24,415;9,228;0,700
          515,742;24,422;9,463;0,700
          516,743;24,428;9,463;0,700
          517,745;24,435;9,463;0,700
          518,746;24,442;9,463;0,700
          519,747;24,452;9,463;0,700
          520,749;24,464;9,463;0,700
          521,750;24,477;9,463;0,700
          522,752;24,493;9,463;0,700
          523,753;24,514;9,463;0,700
          524,755;24,535;9,463;0,700
          525,756;24,555;9,463;0,700
          526,757;24,575;9,228;0,700
          527,759;24,594;9,228;0,700
          528,760;24,613;9,228;0,700
          529,762;24,631;9,228;0,700
          530,763;24,648;9,228;0,700
          531,765;24,661;9,228;0,700
          532,766;24,674;9,228;0,700
          533,768;24,682;9,228;0,700
          534,769;24,687;9,228;0,700
          535,770;24,693;9,228;0,700
          536,772;24,697;9,463;0,700
          537,773;24,703;9,463;0,700
          538,775;24,709;9,228;0,700
          539,776;24,717;9,463;0,700
          540,778;24,726;9,463;0,700
          541,779;24,737;9,463;0,700
          542,781;24,752;9,463;0,700
          543,782;24,769;9,463;0,700
          544,783;24,788;9,463;0,700
          545,785;24,807;9,463;0,700
          546,786;24,826;9,463;0,700
          547,788;24,845;9,228;0,700
          548,789;24,861;9,228;0,700
          549,791;24,876;9,228;0,700
          550,792;24,890;9,228;0,700
          551,793;24,900;9,228;0,700
          552,795;24,909;9,228;0,700
          553,796;24,915;9,228;0,700
          554,798;24,917;9,228;0,700
          555,799;24,919;9,228;0,700
          556,801;24,921;9,463;0,700
          557,802;24,925;9,463;0,700
          558,804;24,929;9,463;0,700
          559,805;24,934;9,463;0,700
          560,806;24,941;9,463;0,700
          561,808;24,949;9,463;0,700
          562,809;24,960;9,463;0,700
          563,811;24,972;9,228;0,700
          564,812;24,987;9,463;0,700
          565,814;25,007;9,463;0,700
          566,815;25,027;9,463;0,700
          567,817;25,048;9,463;0,700
          568,818;25,068;9,463;0,700
          569,819;25,086;9,228;0,700
          570,821;25,104;9,228;0,700
          571,822;25,121;9,228;0,700
          572,824;25,136;9,228;0,700
          573,825;25,147;9,228;0,700
          574,827;25,158;9,228;0,700
          575,828;25,163;9,228;0,700
          576,829;25,170;9,228;0,700
          577,831;25,175;9,463;0,700
          578,832;25,180;9,463;0,700
          579,834;25,186;9,463;0,700
          580,835;25,193;9,463;0,700
          581,837;25,202;9,463;0,700
          582,838;25,213;9,463;0,700
          583,840;25,228;9,463;0,700
          584,841;25,247;9,463;0,700
          585,842;25,265;9,463;0,700
          586,844;25,282;9,228;0,700
          587,845;25,299;9,228;0,700
          588,847;25,316;9,228;0,700
          589,848;25,331;9,228;0,700
          590,850;25,344;9,228;0,700
          591,851;25,353;9,228;0,700
          592,853;25,358;9,228;0,700
          593,854;25,362;9,463;0,700
          594,855;25,365;9,463;0,700
          595,857;25,368;9,463;0,700
          596,858;25,373;9,463;0,700
          597,860;25,378;9,463;0,700
          598,861;25,387;9,463;0,700
          599,863;25,398;9,463;0,700
          600,864;25,415;9,463;0,700
          601,865;25,432;9,463;0,700
          602,867;25,448;9,463;0,700
          603,868;25,465;9,228;0,700
          604,870;25,481;9,228;0,700
          605,871;25,495;9,228;0,700
          606,873;25,507;9,228;0,700
          607,874;25,516;9,228;0,700
          608,876;25,521;9,228;0,700
          609,877;25,524;9,228;0,700
          610,878;25,527;9,463;0,700
          611,880;25,530;9,463;0,700
          612,881;25,534;9,463;0,700
          613,883;25,539;9,463;0,700
          614,884;25,545;9,463;0,700
          615,886;25,553;9,228;0,700
          616,887;25,563;9,463;0,700
          617,889;25,575;9,463;0,700
          618,890;25,591;9,463;0,700
          619,891;25,609;9,463;0,700
          620,893;25,628;9,463;0,700
          621,894;25,646;9,463;0,700
          622,896;25,664;9,228;0,700
          623,897;25,682;9,228;0,700
          624,899;25,698;9,228;0,700
          625,900;25,711;9,228;0,700
          626,901;25,721;9,228;0,700
          627,903;25,730;9,228;0,700
          628,904;25,735;9,228;0,700
          629,906;25,737;9,228;0,700
          630,907;25,739;9,463;0,700
          631,909;25,742;9,463;0,700
          632,910;25,746;9,463;0,700
          633,912;25,750;9,463;0,700
          634,913;25,754;9,463;0,700
          635,914;25,760;9,463;0,700
          636,916;25,768;9,463;0,700
          637,917;25,778;9,463;0,700
          638,919;25,791;9,463;0,700
          639,920;25,808;9,463;0,700
          640,922;25,825;9,463;0,700
          641,923;25,843;9,463;0,700
          642,925;25,858;9,228;0,700
          643,926;25,873;9,228;0,700
          644,927;25,889;9,228;0,700
          645,929;25,902;9,228;0,700
          646,930;25,913;9,228;0,700
          647,932;25,922;9,228;0,700
          648,933;25,925;9,228;0,700
          649,935;25,926;9,228;0,700
          650,936;25,928;9,463;0,700
          651,937;25,931;9,463;0,700
          652,939;25,933;9,463;0,700
          653,940;25,937;9,463;0,700
          654,942;25,943;9,463;0,700
          655,943;25,951;9,463;0,700
          656,945;25,961;9,463;0,700
          657,946;25,976;9,463;0,700
          658,948;25,994;9,463;0,700
          659,949;26,012;9,463;0,700
          660,950;26,029;9,228;0,700
          661,952;26,044;9,228;0,700
          662,953;26,058;9,228;0,700
          663,955;26,069;9,228;0,700
          664,956;26,078;9,228;0,700
          665,958;26,083;9,228;0,700
          666,959;26,084;9,228;0,700
          667,961;26,085;9,463;0,700
          668,962;26,087;9,228;0,700
          669,963;26,088;9,463;0,700
          670,965;26,090;9,463;0,700
          671,966;26,095;9,463;0,700
          672,968;26,102;9,463;0,700
          673,969;26,115;9,463;0,700
          674,971;26,129;9,463;0,700
          675,972;26,144;9,463;0,700
          676,973;26,158;9,228;0,700
          677,975;26,172;9,228;0,700
          678,976;26,183;9,228;0,700
          679,978;26,192;9,228;0,700
          680,979;26,197;9,228;0,700
          681,981;26,197;9,228;0,700
          682,982;26,197;9,228;0,700
          683,984;26,195;9,463;0,700
          684,985;26,194;9,463;0,700
          685,986;26,195;9,463;0,700
          686,988;26,196;9,463;0,700
          687,989;26,201;9,463;0,700
          688,991;26,209;9,463;0,700
          689,992;26,221;9,463;0,700
          690,994;26,237;9,463;0,700
          691,995;26,253;9,463;0,700
          692,997;26,269;9,228;0,700
          693,998;26,283;9,228;0,700
          694,999;26,296;9,228;0,700
          696,001;26,306;9,228;0,700
          697,002;26,314;9,228;0,700
          698,004;26,317;9,228;0,700
          699,005;26,318;9,228;0,700
          700,007;26,318;9,463;0,700
          701,008;26,321;9,463;0,700
          702,009;26,323;9,463;0,700
          703,011;26,326;9,463;0,700
          704,012;26,333;9,463;0,700
          705,014;26,342;9,463;0,700
          706,015;26,355;9,463;0,700
          707,017;26,369;9,463;0,700
          708,018;26,384;9,463;0,700
          709,020;26,399;9,228;0,700
          710,021;26,413;9,228;0,700
          711,022;26,426;9,228;0,700
          712,024;26,436;9,228;0,700
          713,025;26,444;9,228;0,700
          714,027;26,445;9,228;0,700
          715,028;26,444;9,463;0,700
          716,030;26,444;9,463;0,700
          717,031;26,444;9,463;0,700
          718,033;26,445;9,463;0,700
          719,034;26,449;9,463;0,700
          720,035;26,455;9,463;0,700
          721,037;26,466;9,463;0,700
          722,038;26,479;9,463;0,700
          723,040;26,494;9,463;0,700
          724,041;26,507;9,228;0,700
          725,043;26,521;9,228;0,700
          726,044;26,530;9,228;0,700
          727,045;26,538;9,228;0,700
          728,047;26,540;9,228;0,700
          729,048;26,540;9,228;0,700
          730,050;26,541;9,463;0,700
          731,051;26,543;9,463;0,700
          732,053;26,545;9,463;0,700
          733,054;26,549;9,463;0,700
          734,056;26,557;9,463;0,700
          735,057;26,570;9,463;0,700
          736,058;26,585;9,463;0,700
          737,060;26,602;9,463;0,700
          738,061;26,619;9,228;0,700
          739,063;26,634;9,228;0,700
          740,064;26,647;9,228;0,700
          741,066;26,658;9,228;0,700
          742,067;26,666;9,228;0,700
          743,069;26,670;9,228;0,700
          744,070;26,671;9,228;0,700
          745,071;26,672;9,463;0,700
          746,073;26,673;9,463;0,700
          747,074;26,674;9,463;0,700
          748,076;26,677;9,463;0,700
          749,077;26,682;9,463;0,700
          750,079;26,690;9,463;0,700
          751,080;26,704;9,463;0,700
          752,081;26,718;9,463;0,700
          753,083;26,731;9,463;0,700
          754,084;26,745;9,228;0,700
          755,086;26,758;9,228;0,700
          756,087;26,769;9,228;0,700
          757,089;26,777;9,228;0,700
          758,090;26,782;9,228;0,700
          759,092;26,784;9,228;0,700
          760,093;26,784;9,228;0,700
          761,094;26,782;9,228;0,700
          762,096;26,781;9,463;0,700
          763,097;26,781;9,463;0,700
          764,099;26,782;9,463;0,700
          765,100;26,782;9,463;0,700
          766,102;26,785;9,463;0,700
          767,103;26,792;9,463;0,700
          768,105;26,801;9,463;0,700
          769,106;26,814;9,463;0,700
          770,107;26,828;9,463;0,700
          771,109;26,842;9,463;0,700
          772,110;26,855;9,228;0,700
          773,112;26,868;9,228;0,700
          774,113;26,878;9,228;0,700
          775,115;26,887;9,228;0,700
          776,116;26,894;9,228;0,700
          777,117;26,898;9,228;0,700
          778,119;26,898;9,228;0,700
          779,120;26,895;9,228;0,700
          780,122;26,893;9,228;0,700
          781,123;26,890;9,463;0,700
          782,125;26,888;9,463;0,700
          783,126;26,886;9,463;0,700
          784,128;26,886;9,463;0,700
          785,129;26,889;9,463;0,700
          786,130;26,893;9,463;0,700
          787,132;26,899;9,463;0,700
          788,133;26,910;9,463;0,700
          789,135;26,923;9,463;0,700
          790,136;26,936;9,463;0,700
          791,138;26,950;9,228;0,700
          792,139;26,962;9,228;0,700
          793,141;26,972;9,228;0,700
          794,142;26,981;9,228;0,700
          795,143;26,985;9,228;0,700
          796,145;26,985;9,228;0,700
          797,146;26,984;9,228;0,700
          798,148;26,982;9,463;0,700
          799,149;26,982;9,228;0,700
          800,151;26,982;9,463;0,700
          801,152;26,984;9,463;0,700
          802,153;26,988;9,463;0,700
          803,155;26,996;9,463;0,700
          804,156;27,009;9,463;0,700
          805,158;27,023;9,463;0,700
          806,159;27,034;9,228;0,700
          807,161;27,046;9,228;0,700
          808,162;27,057;9,228;0,700
          809,164;27,066;9,228;0,700
          810,165;27,070;9,228;0,700
          811,166;27,069;9,228;0,700
          812,168;27,066;9,228;0,700
          813,169;27,062;9,463;0,700
          814,171;27,057;9,463;0,700
          815,172;27,054;9,463;0,700
          816,174;27,053;9,463;0,700
          817,175;27,054;9,463;0,700
          818,177;27,063;9,463;0,700
          819,178;27,072;9,463;0,700
          820,179;27,082;9,463;0,700
          821,181;27,091;9,228;0,700
          822,182;27,100;9,228;0,700
          823,184;27,107;9,228;0,700
          824,185;27,112;9,228;0,700
          825,187;27,115;9,228;0,700
          826,188;27,116;9,228;0,700
          827,189;27,113;9,228;0,700
          828,191;27,108;9,228;0,700
          829,192;27,104;9,463;0,700
          830,194;27,100;9,463;0,700
          831,195;27,095;9,463;0,700
          832,197;27,091;9,463;0,700
          833,198;27,089;9,463;0,700
          834,200;27,088;9,463;0,700
          835,201;27,091;9,463;0,700
          836,202;27,094;9,463;0,700
          837,204;27,103;9,463;0,700
          838,205;27,114;9,463;0,700
          839,207;27,125;9,463;0,700
          840,208;27,137;9,463;0,700
          841,210;27,149;9,228;0,700
          842,211;27,159;9,228;0,700
          843,213;27,168;9,228;0,700
          844,214;27,174;9,228;0,700
          845,215;27,176;9,228;0,700
          846,217;27,174;9,228;0,700
          847,218;27,171;9,228;0,700
          848,220;27,168;9,463;0,700
          849,221;27,164;9,463;0,700
          850,223;27,161;9,228;0,700
          851,224;27,162;9,463;0,700
          852,225;27,166;9,463;0,700
          853,227;27,175;9,463;0,700
          854,228;27,188;9,463;0,700
          855,230;27,202;9,463;0,700
          856,231;27,216;9,228;0,700
          857,233;27,230;9,228;0,700
          858,234;27,241;9,228;0,700
          859,236;27,250;9,228;0,700
          860,237;27,255;9,228;0,700
          861,238;27,255;9,228;0,700
          862,240;27,255;9,463;0,700
          863,241;27,255;9,463;0,700
          864,243;27,256;9,463;0,700
          865,244;27,259;9,463;0,700
          866,246;27,266;9,463;0,700
          867,247;27,276;9,463;0,700
          868,249;27,290;9,463;0,700
          869,250;27,303;9,463;0,700
          870,251;27,317;9,228;0,700
          871,253;27,330;9,228;0,700
          872,254;27,341;9,228;0,700
          873,256;27,349;9,228;0,700
          874,257;27,357;9,228;0,700
          875,259;27,360;9,228;0,700
          876,260;27,361;9,228;0,700
          877,261;27,362;9,463;0,700
          878,263;27,364;9,463;0,700
          879,264;27,367;9,463;0,700
          880,266;27,375;9,463;0,700
          881,267;27,384;9,463;0,700
          882,269;27,400;9,463;0,700
          883,270;27,418;9,463;0,700
          884,272;27,435;9,228;0,700
          885,273;27,450;9,228;0,700
          886,274;27,460;9,228;0,700
          887,276;27,466;9,228;0,700
          888,277;27,465;9,228;0,700
          889,279;27,465;9,463;0,700
          890,280;27,466;9,463;0,700
          891,282;27,467;9,463;0,700
          892,283;27,473;9,463;0,700
          893,285;27,487;9,463;0,700
          894,286;27,501;9,463;0,700
          895,287;27,514;9,228;0,700
          896,289;27,525;9,228;0,700
          897,290;27,531;9,228;0,700
          898,292;27,533;9,228;0,700
          899,293;27,533;9,463;0,700
          900,295;27,532;9,463;0,700
          901,296;27,532;9,463;0,700
          902,297;27,534;9,463;0,700
          903,299;27,540;9,463;0,700
          904,300;27,553;9,463;0,700
          905,302;27,565;9,463;0,700
          906,303;27,577;9,228;0,700
          907,305;27,588;9,228;0,700
          908,306;27,594;9,228;0,700
          909,308;27,596;9,228;0,700
          910,309;27,596;9,228;0,700
          911,310;27,595;9,463;0,700
          912,312;27,596;9,463;0,700
          913,313;27,600;9,463;0,700
          914,315;27,609;9,463;0,700
          915,316;27,623;9,463;0,700
          916,318;27,639;9,463;0,700
          917,319;27,654;9,228;0,700
          918,321;27,667;9,228;0,700
          919,322;27,674;9,228;0,700
          920,323;27,674;9,228;0,700
          921,325;27,672;9,463;0,700
          922,326;27,670;9,463;0,700
          923,328;27,669;9,463;0,700
          924,329;27,672;9,463;0,700
          925,331;27,679;9,463;0,700
          926,332;27,691;9,463;0,700
          927,333;27,704;9,228;0,700
          928,335;27,717;9,228;0,700
          929,336;27,726;9,228;0,700
          930,338;27,732;9,228;0,700
          931,339;27,732;9,228;0,700
          932,341;27,728;9,463;0,700
          933,342;27,725;9,463;0,700
          934,344;27,723;9,463;0,700
          935,345;27,724;9,463;0,700
          936,346;27,729;9,463;0,700
          937,348;27,740;9,463;0,700
          938,349;27,752;9,463;0,700
          939,351;27,762;9,228;0,700
          940,352;27,771;9,228;0,700
          941,354;27,777;9,228;0,700
          942,355;27,779;9,228;0,700
          943,357;27,775;9,228;0,700
          944,358;27,771;9,463;0,700
          945,359;27,765;9,463;0,700
          946,361;27,760;9,463;0,700
          947,362;27,758;9,463;0,700
          948,364;27,758;9,463;0,700
          949,365;27,764;9,463;0,700
          950,367;27,772;9,463;0,700
          951,368;27,780;9,228;0,700
          952,369;27,789;9,228;0,700
          953,371;27,796;9,228;0,700
          954,372;27,799;9,228;0,700
          955,374;27,798;9,228;0,700
          956,375;27,793;9,228;0,700
          957,377;27,788;9,463;0,700
          958,378;27,784;9,463;0,700
          959,380;27,779;9,463;0,700
          960,381;27,778;9,463;0,700
          961,382;27,783;9,463;0,700
          962,384;27,793;9,463;0,700
          963,385;27,804;9,463;0,700
          964,387;27,815;9,228;0,700
          965,388;27,826;9,228;0,700
          966,390;27,835;9,228;0,700
          967,391;27,840;9,228;0,700
          968,393;27,838;9,228;0,700
          969,394;27,836;9,463;0,700
          970,395;27,835;9,463;0,700
          971,397;27,834;9,463;0,700
          972,398;27,835;9,463;0,700
          973,400;27,840;9,463;0,700
          974,401;27,850;9,463;0,700
          975,403;27,863;9,463;0,700
          976,404;27,877;9,228;0,700
          977,405;27,890;9,228;0,700
          978,407;27,903;9,228;0,700
          979,408;27,912;9,228;0,700
          980,410;27,917;9,228;0,700
          981,411;27,918;9,228;0,700
          982,413;27,917;9,463;0,700
          983,414;27,917;9,463;0,700
          984,416;27,918;9,463;0,700
          985,417;27,919;9,463;0,700
          986,418;27,924;9,463;0,700
          987,420;27,931;9,463;0,700
          988,421;27,944;9,463;0,700
          989,423;27,956;9,463;0,700
          990,424;27,969;9,228;0,700
          991,426;27,982;9,228;0,700
          992,427;27,994;9,228;0,700
          993,429;28,001;9,228;0,700
          994,430;28,005;9,228;0,700
          995,431;28,005;9,228;0,700
          996,433;28,003;9,228;0,700
          997,434;28,001;9,463;0,700
          998,436;27,999;9,463;0,700
          999,437;27,999;9,463;0,700
         1000,439;28,002;9,463;0,700
         1001,440;28,007;9,463;0,700
         1002,441;28,018;9,463;0,700
         1003,443;28,030;9,463;0,700
         1004,444;28,043;9,463;0,700
         1005,446;28,054;9,228;0,700
         1006,447;28,066;9,228;0,700
         1007,449;28,076;9,228;0,700
         1008,450;28,083;9,228;0,700
         1009,452;28,087;9,228;0,700
         1010,453;28,088;9,228;0,700
         1011,454;28,088;9,228;0,700
         1012,456;28,088;9,228;0,700
         1013,457;28,087;9,463;0,700
         1014,459;28,087;9,463;0,700
         1015,460;28,088;9,463;0,700
         1016,462;28,091;9,463;0,700
         1017,463;28,096;9,463;0,700
         1018,465;28,105;9,463;0,700
         1019,466;28,117;9,463;0,700
         1020,467;28,129;9,463;0,700
         1021,469;28,142;9,463;0,700
         1022,470;28,153;9,228;0,700
         1023,472;28,162;9,228;0,700
         1024,473;28,170;9,228;0,700
         1025,475;28,176;9,228;0,700
         1026,476;28,178;9,228;0,700
         1027,477;28,176;9,228;0,700
         1028,479;28,172;9,228;0,700
         1029,480;28,169;9,463;0,700
         1030,482;28,167;9,463;0,700
         1031,483;28,164;9,463;0,700
         1032,485;28,163;9,463;0,700
         1033,486;28,164;9,463;0,700
         1034,488;28,166;9,463;0,700
         1035,489;28,171;9,463;0,700
         1036,490;28,179;9,463;0,700
         1037,492;28,190;9,463;0,700
         1038,493;28,199;9,463;0,700
         1039,495;28,206;9,228;0,700
         1040,496;28,214;9,228;0,700
         1041,498;28,220;9,228;0,700
         1042,499;28,225;9,228;0,700
         1043,501;28,226;9,228;0,700
         1044,502;28,225;9,228;0,700
         1045,503;28,221;9,228;0,700
         1046,505;28,213;9,228;0,700
         1047,506;28,203;9,228;0,700
         1048,508;28,193;9,228;0,700
         1049,509;28,183;9,463;0,700
         1050,511;28,173;9,463;0,700
         1051,512;28,166;9,463;0,700
         1052,513;28,161;9,463;0,700
         1053,515;28,156;9,463;0,700
         1054,516;28,153;9,463;0,700
         1055,518;28,152;9,463;0,700
         1056,519;28,152;9,463;0,700
         1057,521;28,155;9,463;0,700
         1058,522;28,161;9,463;0,700
         1059,524;28,169;9,463;0,700
         1060,525;28,178;9,463;0,700
         1061,526;28,186;9,228;0,700
         1062,528;28,194;9,228;0,700
         1063,529;28,202;9,228;0,700
         1064,531;28,210;9,228;0,700
         1065,532;28,216;9,228;0,700
         1066,534;28,221;9,228;0,700
         1067,535;28,225;9,228;0,700
         1068,537;28,224;9,228;0,700
         1069,538;28,221;9,228;0,700
         1070,539;28,219;9,228;0,700
         1071,541;28,217;9,463;0,700
         1072,542;28,215;9,463;0,700
         1073,544;28,213;9,463;0,700
         1074,545;28,213;9,463;0,700
         1075,547;28,218;9,463;0,700
         1076,548;28,224;9,463;0,700
         1077,549;28,236;9,463;0,700
         1078,551;28,249;9,463;0,700
         1079,552;28,263;9,463;0,700
         1080,554;28,277;9,228;0,700
         1081,555;28,290;9,228;0,700
         1082,557;28,303;9,228;0,700
         1083,558;28,312;9,228;0,700
         1084,560;28,319;9,228;0,700
         1085,561;28,323;9,228;0,700
         1086,562;28,322;9,228;0,700
         1087,564;28,321;9,228;0,700
         1088,565;28,320;9,228;0,700
         1089,567;28,320;9,463;0,700
         1090,568;28,319;9,463;0,700
         1091,570;28,318;9,463;0,700
         1092,571;28,319;9,463;0,700
         1093,573;28,321;9,463;0,700
         1094,574;28,326;9,463;0,700
         1095,575;28,335;9,463;0,700
         1096,577;28,344;9,463;0,700
         1097,578;28,353;9,463;0,700
         1098,580;28,363;9,228;0,700
         1099,581;28,371;9,228;0,700
         1100,583;28,378;9,228;0,700
         1101,584;28,381;9,228;0,700
         1102,585;28,383;9,228;0,700
         1103,587;28,380;9,228;0,700
         1104,588;28,375;9,228;0,700
         1105,590;28,370;9,228;0,700
         1106,591;28,365;9,463;0,700
         1107,593;28,359;9,463;0,700
         1108,594;28,356;9,463;0,700
         1109,596;28,355;9,463;0,700
         1110,597;28,355;9,228;0,700
         1111,598;28,358;9,463;0,700
         1112,600;28,363;9,463;0,700
         1113,601;28,373;9,463;0,700
         1114,603;28,381;9,463;0,700
         1115,604;28,391;9,463;0,700
         1116,606;28,399;9,228;0,700
         1117,607;28,405;9,228;0,700
         1118,609;28,410;9,228;0,700
         1119,610;28,413;9,228;0,700
         1120,611;28,413;9,228;0,700
         1121,613;28,410;9,228;0,700
         1122,614;28,405;9,228;0,700
         1123,616;28,399;9,228;0,700
         1124,617;28,393;9,463;0,700
         1125,619;28,388;9,463;0,700
         1126,620;28,383;9,463;0,700
         1127,621;28,382;9,463;0,700
         1128,623;28,384;9,463;0,700
         1129,624;28,388;9,463;0,700
         1130,626;28,396;9,463;0,700
         1131,627;28,404;9,463;0,700
         1132,629;28,412;9,228;0,700
         1133,630;28,419;9,228;0,700
         1134,632;28,424;9,228;0,700
         1135,633;28,426;9,228;0,700
         1136,634;28,423;9,228;0,700
         1137,636;28,418;9,228;0,700
         1138,637;28,412;9,228;0,700
         1139,639;28,406;9,463;0,700
         1140,640;28,401;9,463;0,700
         1141,642;28,398;9,463;0,700
         1142,643;28,398;9,463;0,700
         1143,645;28,402;9,463;0,700
         1144,646;28,409;9,463;0,700
         1145,647;28,418;9,228;0,700
         1146,649;28,425;9,228;0,700
         1147,650;28,431;9,228;0,700
         1148,652;28,435;9,228;0,700
         1149,653;28,435;9,228;0,700
         1150,655;28,430;9,228;0,700
         1151,656;28,424;9,228;0,700
         1152,657;28,417;9,463;0,700
         1153,659;28,411;9,463;0,700
         1154,660;28,409;9,463;0,700
         1155,662;28,409;9,463;0,700
         1156,663;28,415;9,463;0,700
         1157,665;28,424;9,463;0,700
         1158,666;28,431;9,228;0,700
         1159,668;28,436;9,228;0,700
         1160,669;28,438;9,228;0,700
         1161,670;28,434;9,228;0,700
         1162,672;28,427;9,228;0,700
         1163,673;28,420;9,463;0,700
         1164,675;28,415;9,463;0,700
         1165,676;28,412;9,463;0,700
         1166,678;28,413;9,463;0,700
         1167,679;28,422;9,463;0,700
         1168,691;28,431;9,228;0,700
         1169,682;28,441;9,228;0,700
         1170,683;28,449;9,228;0,700
         1171,685;28,454;8,523;0,700
         1172,686;28,456;9,228;0,700
         1173,688;28,453;9,228;0,700
         1174,689;28,449;9,228;0,700
         1175,691;28,445;9,228;0,700
         1176,692;28,444;9,463;0,700
         1177,693;28,445;9,463;0,700
         1178,695;28,452;9,463;0,700
         1179,696;28,461;9,463;0,700
         1180,698;28,472;9,228;0,700
         1181,699;28,483;9,228;0,700
         1182,701;28,493;9,228;0,700
         1183,702;28,501;9,228;0,700
         1184,704;28,503;9,228;0,700
         1185,705;28,503;9,228;0,700
         1186,706;28,501;9,228;0,700
         1187,708;28,501;9,463;0,700
         1188,709;28,502;9,463;0,700
         1189,711;28,506;9,463;0,700
         1190,712;28,513;9,228;0,700
         1191,714;28,524;9,463;0,700
         1192,715;28,539;9,463;0,700
         1193,717;28,552;9,228;0,700
         1194,718;28,564;9,228;0,700
         1195,719;28,574;9,228;0,700
         1196,721;28,583;9,228;0,700
         1197,722;28,588;9,228;0,700
         1198,724;28,590;9,228;0,700
         1199,725;28,588;9,228;0,700
         1200,727;28,583;9,228;0,700
         1201,728;28,579;9,463;0,700
         1202,729;28,575;9,463;0,700
         1203,731;28,573;9,463;0,700
         1204,732;28,574;9,463;0,700
         1205,734;28,578;9,463;0,700
         1206,735;28,586;9,463;0,700
         1207,737;28,594;9,463;0,700
         1208,738;28,604;9,463;0,700
         1209,740;28,612;9,228;0,700
         1210,741;28,620;9,228;0,700
         1211,742;28,630;9,228;0,700
         1212,744;28,638;9,228;0,700
         1213,745;28,644;9,228;0,700
         1214,747;28,647;9,228;0,700
         1215,748;28,648;9,228;0,700
         1216,750;28,644;9,228;0,700
         1217,751;28,640;9,228;0,700
         1218,753;28,636;9,228;0,700
         1219,754;28,631;9,228;0,700
         1220,755;28,626;9,463;0,700
         1221,757;28,622;9,463;0,700
         1222,758;28,620;9,463;0,700
         1223,760;28,619;9,463;0,700
         1224,761;28,621;9,463;0,700
         1225,763;28,625;9,228;0,700
         1226,764;28,632;9,463;0,700
         1227,765;28,642;9,228;0,700
         1228,767;28,652;9,463;0,700
         1229,768;28,661;9,463;0,700
         1230,770;28,669;9,228;0,700
         1231,771;28,676;9,228;0,700
         1232,773;28,683;9,228;0,700
         1233,774;28,689;9,228;0,700
         1234,776;28,693;9,228;0,700
         1235,777;28,695;9,228;0,700
         1236,778;28,695;9,228;0,700
         1237,780;28,693;9,228;0,700
         1238,781;28,687;9,228;0,700
         1239,783;28,681;9,228;0,700
         1240,784;28,676;9,228;0,700
         1241,786;28,671;9,463;0,700
         1242,787;28,667;9,463;0,700
         1243,789;28,663;9,463;0,700
         1244,790;28,662;9,463;0,700
         1245,791;28,664;9,463;0,700
         1246,793;28,669;9,463;0,700
         1247,794;28,678;9,463;0,700
         1248,796;28,689;9,463;0,700
         1249,797;28,700;9,463;0,700
         1250,799;28,713;9,228;0,700
         1251,800;28,724;9,228;0,700
         1252,801;28,734;9,228;0,700
         1253,803;28,744;9,228;0,700
         1254,804;28,751;9,228;0,700
         1255,806;28,756;9,228;0,700
         1256,807;28,758;9,228;0,700
         1257,809;28,758;9,228;0,700
         1258,810;28,755;9,228;0,700
         1259,812;28,751;9,228;0,700
         1260,813;28,746;9,228;0,700
         1261,814;28,741;9,463;0,700
         1262,816;28,737;9,463;0,700
         1263,817;28,733;9,463;0,700
         1264,819;28,730;9,463;0,700
         1265,820;28,728;9,463;0,700
         1266,822;28,728;9,228;0,700
         1267,823;28,729;9,463;0,700
         1268,825;28,733;9,463;0,700
         1269,826;28,741;9,463;0,700
         1270,827;28,749;9,463;0,700
         1271,829;28,755;9,463;0,700
         1272,830;28,762;9,463;0,700
         1273,832;28,769;9,228;0,700
         1274,833;28,775;9,228;0,700
         1275,835;28,780;9,228;0,700
         1276,836;28,783;9,228;0,700
         1277,837;28,786;9,228;0,700
         1278,839;28,786;9,228;0,700
         1279,840;28,785;9,228;0,700
         1280,842;28,779;9,228;0,700
         1281,843;28,771;9,228;0,700
         1282,845;28,764;9,228;0,700
         1283,846;28,757;9,228;0,700
         1284,848;28,751;9,463;0,700
         1285,849;28,746;9,463;0,700
         1286,850;28,743;9,463;0,700
         1287,852;28,741;9,463;0,700
         1288,853;28,743;9,463;0,700
         1289,855;28,746;9,228;0,700
         1290,856;28,751;9,463;0,700
         1291,858;28,760;9,463;0,700
         1292,859;28,770;9,463;0,700
         1293,861;28,778;9,228;0,700
         1294,862;28,786;9,228;0,700
         1295,863;28,793;9,228;0,700
         1296,865;28,798;9,228;0,700
         1297,866;28,800;9,228;0,700
         1298,868;28,799;9,228;0,700
         1299,869;28,795;9,228;0,700
         1300,871;28,788;9,228;0,700
         1301,872;28,782;9,228;0,700
         1302,873;28,777;9,228;0,700
         1303,875;28,772;9,463;0,700
         1304,876;28,769;9,463;0,700
         1305,878;28,768;9,463;0,700
         1306,879;28,768;9,463;0,700
         1307,881;28,771;9,463;0,700
         1308,882;28,777;9,463;0,700
         1309,884;28,786;9,463;0,700
         1310,885;28,796;9,463;0,700
         1311,886;28,805;9,228;0,700
         1312,888;28,814;9,228;0,700
         1313,889;28,824;9,228;0,700
         1314,891;28,833;9,228;0,700
         1315,892;28,840;9,228;0,700
         1316,894;28,844;9,228;0,700
         1317,895;28,847;9,228;0,700
         1318,897;28,846;9,228;0,700
         1319,898;28,843;9,228;0,700
         1320,899;28,839;9,228;0,700
         1321,901;28,836;9,463;0,700
         1322,902;28,834;9,228;0,700
         1323,904;28,832;9,463;0,700
         1324,905;28,830;9,463;0,700
         1325,907;28,831;9,463;0,700
         1326,908;28,835;9,463;0,700
         1327,909;28,843;9,463;0,700
         1328,911;28,853;9,463;0,700
         1329,912;28,862;9,463;0,700
         1330,914;28,868;9,228;0,700
         1331,915;28,874;9,228;0,700
         1332,917;28,880;9,228;0,700
         1333,918;28,883;9,228;0,700
         1334,920;28,883;9,228;0,700
         1335,921;28,880;9,228;0,700
         1336,922;28,872;9,228;0,700
         1337,924;28,865;9,228;0,700
         1338,925;28,857;9,228;0,700
         1339,927;28,850;9,463;0,700
         1340,928;28,845;9,463;0,700
         1341,930;28,840;9,463;0,700
         1342,931;28,837;9,463;0,700
         1343,933;28,838;9,463;0,700
         1344,934;28,843;9,228;0,700
         1345,935;28,851;9,463;0,700
         1346,937;28,860;9,463;0,700
         1347,938;28,868;9,228;0,700
         1348,940;28,877;9,228;0,700
         1349,941;28,885;9,228;0,700
         1350,943;28,892;9,228;0,700
         1351,944;28,897;9,228;0,700
         1352,945;28,899;9,228;0,700
         1353,947;28,896;9,228;0,700
         1354,948;28,892;9,228;0,700
         1355,950;28,886;9,228;0,700
         1356,951;28,878;9,228;0,700
         1357,953;28,872;9,228;0,700
         1358,954;28,865;9,463;0,700
         1359,956;28,858;9,463;0,700
         1360,957;28,854;9,463;0,700
         1361,958;28,852;9,463;0,700
         1362,960;28,857;9,463;0,700
         1363,961;28,863;9,463;0,700
         1364,963;28,871;9,228;0,700
         1365,964;28,876;9,228;0,700
         1366,966;28,881;9,228;0,700
         1367,967;28,883;9,228;0,700
         1368,969;28,882;9,228;0,700
         1369,970;28,875;9,228;0,700
         1370,971;28,866;9,228;0,700
         1371,973;28,859;9,228;0,700
         1372,974;28,852;9,228;0,700
         1373,976;28,847;9,463;0,700
         1374,977;28,845;9,463;0,700
         1375,979;28,849;9,228;0,700
         1376,980;28,857;9,463;0,700
         1377,981;28,865;9,228;0,700
         1378,983;28,873;9,228;0,700
         1379,984;28,880;9,228;0,700
         1380,986;28,885;9,228;0,700
         1381,987;28,885;9,228;0,700
         1382,989;28,880;9,228;0,700
         1383,990;28,876;9,463;0,700
         1384,992;28,873;9,463;0,700
         1385,993;28,871;9,463;0,700
         1386,994;28,873;9,463;0,700
         1387,996;28,877;9,463;0,700
         1388,997;28,886;9,463;0,700
         1389,999;28,896;9,463;0,700
         1391,000;28,906;9,228;0,700
         1392,002;28,914;9,228;0,700
         1393,003;28,918;9,228;0,700
         1394,005;28,921;9,228;0,700
         1395,006;28,917;9,228;0,700
         1396,007;28,912;9,228;0,700
         1397,009;28,908;9,228;0,700
         1398,010;28,905;9,463;0,700
         1399,012;28,901;9,463;0,700
         1400,013;28,898;9,463;0,700
         1401,015;28,900;9,463;0,700
         1402,016;28,907;9,463;0,700
         1403,017;28,915;9,463;0,700
         1404,019;28,922;9,228;0,700
         1405,020;28,928;9,228;0,700
         1406,022;28,931;9,228;0,700
         1407,023;28,930;9,228;0,700
         1408,025;28,924;9,228;0,700
         1409,026;28,916;9,228;0,700
         1410,028;28,909;9,463;0,700
         1411,029;28,901;9,463;0,700
         1412,030;28,895;9,463;0,700
         1413,032;28,892;9,463;0,700
         1414,033;28,894;9,463;0,700
         1415,035;28,901;9,463;0,700
         1416,036;28,909;9,463;0,700
         1417,038;28,918;9,228;0,700
         1418,039;28,925;9,228;0,700
         1419,041;28,928;9,228;0,700
         1420,042;28,928;9,228;0,700
         1421,043;28,921;9,228;0,700
         1422,045;28,911;9,228;0,700
         1423,046;28,902;9,228;0,700
         1424,048;28,890;9,463;0,700
         1425,049;28,879;9,463;0,700
         1426,051;28,871;9,463;0,700
         1427,052;28,866;9,463;0,700
         1428,053;28,866;9,463;0,700
         1429,055;28,868;9,463;0,700
         1430,056;28,870;9,228;0,700
         1431,058;28,871;9,228;0,700
         1432,059;28,873;9,228;0,700
         1433,061;28,872;9,228;0,700
         1434,062;28,871;9,228;0,700
         1435,064;28,864;9,228;0,700
         1436,065;28,854;9,228;0,700
         1437,066;28,846;9,228;0,700
         1438,068;28,838;9,228;0,700
         1439,069;28,833;9,463;0,700
         1440,071;28,830;9,463;0,700
         1441,072;28,828;9,463;0,700
         1442,074;28,832;9,463;0,700
         1443,075;28,840;9,463;0,700
         1444,077;28,850;9,228;0,700
         1445,078;28,860;9,228;0,700
         1446,079;28,868;9,228;0,700
         1447,081;28,874;9,228;0,700
         1448,082;28,878;9,228;0,700
         1449,084;28,876;9,228;0,700
         1450,085;28,871;9,228;0,700
         1451,087;28,867;9,463;0,700
         1452,088;28,864;9,463;0,700
         1453,089;28,863;9,463;0,700
         1454,091;28,865;9,463;0,700
         1455,092;28,873;9,463;0,700
         1456,094;28,884;9,463;0,700
         1457,095;28,897;9,463;0,700
         1458,097;28,909;9,228;0,700
         1459,098;28,919;9,228;0,700
         1460,100;28,927;9,228;0,700
         1461,101;28,933;9,228;0,700
         1462,102;28,932;9,228;0,700
         1463,104;28,931;9,228;0,700
         1464,105;28,929;9,463;0,700
         1465,107;28,927;9,463;0,700
         1466,108;28,929;9,463;0,700
         1467,110;28,934;9,463;0,700
         1468,111;28,947;9,463;0,700
         1469,113;28,959;9,228;0,700
         1470,114;28,972;9,228;0,700
         1471,115;28,981;9,228;0,700
         1472,117;28,986;9,228;0,700
         1473,118;28,985;9,228;0,700
         1474,120;28,982;9,228;0,700
         1475,121;28,978;9,228;0,700
         1476,123;28,974;9,463;0,700
         1477,124;28,975;9,463;0,700
         1478,125;28,982;9,228;0,700
         1479,127;28,991;9,463;0,700
         1480,128;28,997;9,228;0,700
         1481,130;29,003;9,228;0,700
         1482,131;29,004;9,228;0,700
         1483,133;28,999;9,228;0,700
         1484,134;28,991;9,228;0,700
         1485,136;28,982;9,463;0,700
         1486,137;28,973;9,463;0,700
         1487,138;28,967;9,463;0,700
         1488,140;28,963;9,463;0,700
         1489,141;28,967;9,463;0,700
         1490,143;28,970;9,463;0,700
         1491,144;28,973;9,228;0,700
         1492,146;28,976;9,228;0,700
         1493,147;28,977;9,228;0,700
         1494,149;28,975;9,228;0,700
         1495,150;28,967;9,228;0,700
         1496,151;28,960;9,228;0,700
         1497,153;28,953;9,463;0,700
         1498,154;28,947;9,463;0,700
         1499,156;28,947;9,463;0,700
         1500,157;28,952;9,463;0,700
         1501,159;28,962;9,228;0,700
         1502,160;28,973;9,228;0,700
         1503,161;28,983;9,228;0,700
         1504,163;28,992;9,228;0,700
         1505,164;28,997;9,228;0,700
         1506,166;28,997;9,228;0,700
         1507,167;28,993;9,228;0,700
         1508,169;28,989;9,228;0,700
         1509,170;28,985;9,463;0,700
         1510,172;28,982;9,463;0,700
         1511,173;28,982;9,463;0,700
         1512,174;28,987;9,463;0,700
         1513,176;28,996;9,463;0,700
         1514,177;29,007;9,228;0,700
         1515,179;29,017;9,228;0,700
         1516,180;29,026;9,228;0,700
         1517,182;29,030;9,228;0,700
         1518,183;29,028;9,228;0,700
         1519,185;29,023;9,228;0,700
         1520,186;29,016;9,463;0,700
         1521,187;29,009;9,463;0,700
         1522,189;29,003;9,463;0,700
         1523,190;29,002;9,463;0,700
         1524,192;29,006;9,463;0,700
         1525,193;29,012;9,463;0,700
         1526,195;29,018;9,228;0,700
         1527,196;29,023;9,228;0,700
         1528,197;29,027;9,228;0,700
         1529,199;29,027;9,228;0,700
         1530,200;29,025;9,228;0,700
         1531,202;29,018;9,228;0,700
         1532,203;29,011;9,228;0,700
         1533,205;29,002;9,228;0,700
         1534,206;28,994;9,463;0,700
         1535,208;28,986;9,228;0,700
         1536,209;28,980;9,463;0,700
         1537,210;28,977;9,463;0,700
         1538,212;28,977;9,463;0,700
         1539,213;28,982;9,463;0,700
         1540,215;28,988;9,463;0,700
         1541,216;28,993;9,228;0,700
         1542,218;28,998;9,228;0,700
         1543,219;29,001;9,228;0,700
         1544,221;29,002;9,228;0,700
         1545,222;29,001;9,228;0,700
         1546,223;28,998;9,228;0,700
         1547,225;28,992;9,228;0,700
         1548,226;28,986;9,228;0,700
         1549,228;28,981;9,228;0,700
         1550,229;28,977;9,463;0,700
         1551,231;28,974;9,463;0,700
         1552,232;28,971;9,463;0,700
         1553,233;28,969;9,463;0,700
         1554,235;28,971;9,228;0,700
         1555,236;28,974;9,463;0,700
         1556,238;28,979;9,228;0,700
         1557,239;28,987;9,463;0,700
         1558,241;28,994;9,463;0,700
         1559,242;29,001;9,228;0,700
         1560,244;29,008;9,228;0,700
         1561,245;29,015;9,228;0,700
         1562,246;29,020;9,228;0,700
         1563,248;29,024;9,228;0,700
         1564,249;29,026;9,228;0,700
         1565,251;29,022;9,228;0,700
         1566,252;29,016;9,228;0,700
         1567,254;29,012;9,228;0,700
         1568,255;29,006;9,228;0,700
         1569,257;29,001;9,463;0,700
         1570,258;28,997;9,463;0,700
         1571,259;28,994;9,228;0,700
         1572,261;28,993;9,463;0,700
         1573,262;28,995;9,463;0,700
         1574,264;29,001;9,463;0,700
         1575,265;29,010;9,463;0,700
         1576,267;29,019;9,463;0,700
         1577,268;29,027;9,228;0,700
         1578,269;29,035;9,228;0,700
         1579,271;29,045;9,228;0,700
         1580,272;29,053;9,228;0,700
         1581,274;29,059;9,228;0,700
         1582,275;29,063;9,228;0,700
         1583,277;29,064;9,228;0,700
         1584,278;29,062;9,228;0,700
         1585,280;29,058;9,228;0,700
         1586,281;29,055;9,228;0,700
         1587,282;29,052;9,228;0,700
         1588,284;29,050;9,228;0,700
         1589,285;29,049;9,463;0,700
         1590,287;29,051;9,228;0,700
         1591,288;29,055;9,228;0,700
         1592,290;29,063;9,228;0,700
         1593,291;29,074;9,228;0,700
         1594,293;29,084;9,228;0,700
         1595,294;29,094;9,228;0,700
         1596,295;29,103;9,228;0,700
         1597,297;29,111;9,228;0,700
         1598,298;29,116;9,228;0,700
         1599,300;29,116;9,228;0,700
         1600,301;29,112;9,228;0,700
         1601,303;29,108;9,228;0,700
         1602,304;29,106;9,463;0,700
         1603,305;29,104;9,228;0,700
         1604,307;29,103;9,228;0,700
         1605,308;29,106;9,228;0,700
         1606,310;29,111;9,228;0,700
         1607,311;29,120;9,463;0,700
         1608,313;29,129;9,463;0,700
         1609,314;29,139;9,463;0,700
         1610,316;29,148;9,228;0,700
         1611,317;29,156;9,228;0,700
         1612,318;29,162;9,228;0,700
         1613,320;29,164;9,228;0,700
         1614,321;29,165;9,228;0,700
         1615,323;29,161;9,228;0,700
         1616,324;29,156;9,228;0,700
         1617,326;29,151;9,228;0,700
         1618,327;29,144;9,228;0,700
         1619,329;29,139;9,228;0,700
         1620,330;29,135;9,463;0,700
         1621,331;29,136;9,463;0,700
         1622,333;29,140;9,463;0,700
         1623,334;29,147;9,228;0,700
         1624,336;29,157;9,228;0,700
         1625,337;29,166;9,228;0,700
         1626,339;29,175;9,228;0,700
         1627,340;29,184;9,228;0,700
         1628,341;29,189;9,228;0,700
         1629,343;29,192;9,228;0,700
         1630,344;29,194;9,228;0,700
         1631,346;29,192;9,228;0,700
         1632,347;29,188;9,228;0,700
         1633,349;29,184;9,228;0,700
         1634,350;29,178;9,228;0,700
         1635,352;29,173;9,463;0,700
         1636,353;29,170;9,463;0,700
         1637,354;29,169;9,463;0,700
         1638,356;29,167;9,463;0,700
         1639,357;29,168;9,463;0,700
         1640,359;29,169;9,463;0,700
         1641,360;29,175;9,463;0,700
         1642,362;29,183;9,463;0,700
         1643,363;29,192;9,463;0,700
         1644,365;29,201;9,228;0,700
         1645,366;29,210;9,228;0,700
         1646,367;29,217;9,228;0,700
         1647,369;29,223;9,228;0,700
         1648,370;29,226;9,228;0,700
         1649,372;29,226;9,228;0,700
         1650,373;29,225;9,228;0,700
         1651,375;29,221;9,228;0,700
         1652,376;29,214;9,228;0,700
         1653,377;29,209;9,228;0,700
         1654,379;29,202;9,228;0,700
         1655,380;29,197;9,228;0,700
         1656,382;29,193;9,228;0,700
         1657,383;29,193;9,228;0,700
         1658,385;29,195;9,228;0,700
         1659,386;29,202;9,228;0,700
         1660,388;29,211;9,463;0,700
         1661,389;29,217;9,228;0,700
         1662,390;29,222;9,228;0,700
         1663,392;29,225;9,228;0,700
         1664,393;29,227;9,228;0,700
         1665,395;29,224;9,228;0,700
         1666,396;29,218;9,228;0,700
         1667,398;29,207;9,228;0,700
         1668,399;29,198;9,228;0,700
         1669,401;29,188;9,463;0,700
         1670,402;29,179;9,463;0,700
         1671,403;29,172;9,463;0,700
         1672,405;29,168;9,463;0,700
         1673,406;29,170;9,463;0,700
         1674,408;29,174;9,463;0,700
         1675,409;29,179;9,228;0,700
         1676,411;29,186;9,228;0,700
         1677,412;29,191;9,228;0,700
         1678,413;29,195;9,228;0,700
         1679,415;29,197;9,228;0,700
         1680,416;29,194;9,228;0,700
         1681,418;29,188;9,228;0,700
         1682,419;29,180;9,228;0,700
         1683,421;29,174;9,228;0,700
         1684,422;29,168;9,463;0,700
         1685,424;29,164;9,228;0,700
         1686,425;29,161;9,463;0,700
         1687,426;29,161;9,463;0,700
         1688,428;29,165;9,463;0,700
         1689,429;29,174;9,463;0,700
         1690,431;29,182;9,463;0,700
         1691,432;29,191;9,228;0,700
         1692,434;29,198;9,228;0,700
         1693,435;29,202;9,228;0,700
         1694,437;29,205;9,228;0,700
         1695,438;29,204;9,228;0,700
         1696,439;29,201;9,228;0,700
         1697,441;29,193;9,228;0,700
         1698,442;29,185;9,228;0,700
         1699,444;29,178;9,228;0,700
         1700,445;29,173;9,463;0,700
         1701,447;29,169;9,463;0,700
         1702,448;29,165;9,463;0,700
         1703,449;29,162;9,228;0,700
         1704,451;29,163;9,463;0,700
         1705,452;29,167;9,463;0,700
         1706,454;29,174;9,463;0,700
         1707,455;29,184;9,463;0,700
         1708,457;29,196;9,463;0,700
         1709,458;29,207;9,228;0,700
         1710,460;29,218;9,228;0,700
         1711,461;29,228;9,228;0,700
         1712,462;29,235;9,228;0,700
         1713,464;29,238;9,228;0,700
         1714,465;29,240;9,228;0,700
         1715,467;29,237;9,228;0,700
         1716,468;29,234;9,228;0,700
         1717,470;29,229;9,228;0,700
         1718,471;29,226;9,463;0,700
         1719,473;29,222;9,463;0,700
         1720,474;29,220;9,463;0,700
         1721,475;29,220;9,463;0,700
         1722,477;29,224;9,463;0,700
         1723,478;29,234;9,463;0,700
         1724,480;29,247;9,463;0,700
         1725,481;29,260;9,228;0,700
         1726,483;29,273;9,228;0,700
         1727,484;29,284;9,228;0,700
         1728,485;29,294;9,228;0,700
         1729,487;29,300;9,228;0,700
         1730,488;29,302;9,228;0,700
         1731,490;29,300;9,228;0,700
         1732,491;29,299;9,228;0,700
         1733,493;29,297;9,228;0,700
         1734,494;29,296;9,463;0,700
         1735,496;29,295;9,228;0,700
         1736,497;29,298;9,463;0,700
         1737,498;29,305;9,463;0,700
         1738,500;29,316;9,463;0,700
         1739,501;29,326;9,463;0,700
         1740,503;29,336;9,228;0,700
         1741,504;29,345;9,228;0,700
         1742,506;29,351;9,228;0,700
         1743,507;29,354;9,228;0,700
         1744,509;29,352;9,228;0,700
         1745,510;29,346;9,228;0,700
         1746,511;29,342;9,463;0,700
         1747,513;29,337;9,228;0,700
         1748,514;29,335;9,463;0,700
         1749,516;29,336;9,463;0,700
         1750,517;29,342;9,463;0,700
         1751,519;29,349;9,463;0,700
         1752,520;29,356;9,228;0,700
         1753,521;29,362;9,228;0,700
         1754,523;29,365;9,228;0,700
         1755,524;29,366;9,228;0,700
         1756,526;29,362;9,228;0,700
         1757,527;29,356;9,228;0,700
         1758,529;29,350;9,228;0,700
         1759,530;29,344;9,463;0,700
         1760,532;29,338;9,463;0,700
         1761,533;29,335;9,228;0,700
         1762,534;29,336;9,463;0,700
         1763,536;29,341;9,463;0,700
         1764,537;29,347;9,228;0,700
         1765,539;29,352;9,228;0,700
         1766,540;29,357;9,228;0,700
         1767,542;29,355;9,228;0,700
         1768,543;29,351;9,228;0,700
         1769,545;29,342;9,228;0,700
         1770,546;29,329;9,228;0,700
         1771,547;29,316;9,463;0,700
         1772,549;29,304;9,463;0,700
         1773,550;29,294;9,463;0,700
         1774,552;29,287;9,463;0,700
         1775,553;29,284;9,463;0,700
         1776,555;29,284;9,463;0,700
         1777,556;29,286;9,228;0,700
         1778,557;29,287;9,228;0,700
         1779,559;29,288;9,228;0,700
         1780,560;29,287;9,228;0,700
         1781,562;29,282;9,228;0,700
         1782,563;29,271;9,228;0,700
         1783,565;29,258;9,228;0,700
         1784,566;29,244;9,228;0,700
         1785,568;29,231;9,463;0,700
         1786,569;29,219;9,463;0,700
         1787,570;29,210;9,228;0,700
         1788,572;29,204;9,463;0,700
         1789,573;29,205;9,463;0,700
         1790,575;29,209;9,463;0,700
         1791,576;29,212;9,228;0,700
         1792,578;29,217;9,228;0,700
         1793,579;29,221;9,228;0,700
         1794,581;29,223;9,228;0,700
         1795,582;29,223;9,228;0,700
         1796,583;29,220;9,228;0,700
         1797,585;29,213;9,228;0,700
         1798,586;29,206;9,228;0,700
         1799,588;29,198;9,463;0,700
         1800,589;29,191;9,228;0,700
         1801,591;29,185;9,463;0,700
         1802,592;29,182;9,463;0,700
         1803,593;29,182;9,463;0,700
         1804,595;29,188;9,463;0,700
         1805,596;29,198;9,463;0,700
         1806,598;29,207;9,463;0,700
         1807,599;29,217;9,463;0,700
         1808,601;29,228;9,228;0,700
         1809,602;29,240;9,228;0,700
         1810,604;29,251;9,228;0,700
         1811,605;29,262;9,228;0,700
         1812,606;29,271;9,228;0,700
         1813,608;29,279;9,228;0,700
         1814,609;29,282;9,228;0,700
         1815,611;29,282;9,228;0,700
         1816,612;29,283;9,228;0,700
         1817,614;29,281;9,228;0,700
         1818,615;29,279;9,228;0,700
         1819,617;29,277;9,463;0,700
         1820,618;29,273;9,463;0,700
         1821,619;29,272;9,463;0,700
         1822,621;29,271;9,463;0,700
         1823,622;29,273;9,463;0,700
         1824,624;29,277;9,463;0,700
         1825,625;29,283;9,463;0,700
         1826,627;29,292;9,463;0,700
         1827,628;29,301;9,463;0,700
         1828,629;29,311;9,228;0,700
         1829,631;29,322;9,228;0,700
         1830,632;29,331;9,228;0,700
         1831,634;29,338;9,228;0,700
         1832,635;29,341;9,228;0,700
         1833,637;29,341;9,228;0,700
         1834,638;29,337;9,228;0,700
         1835,640;29,329;9,228;0,700
         1836,641;29,322;9,228;0,700
         1837,642;29,314;9,228;0,700
         1838,644;29,307;9,463;0,700
         1839,645;29,300;9,463;0,700
         1840,647;29,294;9,228;0,700
         1841,648;29,291;9,463;0,700
         1842,650;29,290;9,463;0,700
         1843,651;29,291;9,463;0,700
         1844,653;29,296;9,463;0,700
         1845,654;29,302;9,463;0,700
         1846,655;29,309;9,463;0,700
         1847,657;29,315;9,228;0,700
         1848,658;29,321;9,228;0,700
         1849,660;29,327;9,228;0,700
         1850,661;29,333;9,228;0,700
         1851,663;29,335;9,228;0,700
         1852,664;29,336;9,228;0,700
         1853,665;29,335;9,228;0,700
         1854,667;29,330;9,228;0,700
         1855,668;29,324;9,228;0,700
         1856,670;29,319;9,228;0,700
         1857,671;29,313;9,228;0,700
         1858,673;29,308;9,463;0,700
         1859,674;29,305;9,228;0,700
         1860,676;29,301;9,463;0,700
         1861,677;29,301;9,463;0,700
         1862,678;29,302;9,228;0,700
         1863,680;29,306;9,463;0,700
         1864,681;29,314;9,463;0,700
         1865,683;29,323;9,228;0,700
         1866,684;29,330;9,463;0,700
         1867,686;29,339;9,228;0,700
         1868,687;29,346;9,228;0,700
         1869,689;29,354;9,228;0,700
         1870,690;29,363;9,228;0,700
         1871,691;29,373;9,228;0,700
         1872,693;29,381;9,228;0,700
         1873,694;29,387;9,228;0,700
         1874,696;29,390;9,228;0,700
         1875,697;29,388;9,228;0,700
         1876,699;29,383;9,228;0,700
         1877,700;29,376;9,228;0,700
         1878,701;29,370;9,228;0,700
         1879,703;29,364;9,228;0,700
         1880,704;29,359;9,228;0,700
         1881,706;29,356;9,228;0,700
         1882,707;29,353;9,228;0,700
         1883,709;29,351;9,228;0,700
         1884,710;29,349;9,228;0,700
         1885,712;29,348;9,463;0,700
         1886,713;29,350;9,228;0,700
         1887,714;29,352;9,228;0,700
         1888,716;29,358;9,228;0,700
         1889,717;29,365;9,463;0,700
         1890,719;29,372;9,463;0,700
         1891,720;29,379;9,463;0,700
         1892,722;29,386;9,228;0,700
         1893,723;29,393;9,228;0,700
         1894,725;29,400;9,228;0,700
         1895,726;29,405;9,228;0,700
         1896,727;29,409;9,228;0,700
         1897,729;29,412;9,228;0,700
         1898,730;29,413;9,228;0,700
         1899,732;29,411;9,228;0,700
         1900,733;29,409;9,228;0,700
         1901,735;29,403;9,228;0,700
         1902,736;29,397;9,228;0,700
         1903,737;29,390;9,228;0,700
         1904,739;29,384;9,228;0,700
         1905,740;29,377;9,228;0,700
         1906,742;29,372;9,228;0,700
         1907,743;29,368;22,377;0,700
         1908,745;29,367;22,377;0,700
         1909,746;29,367;22,377;0,700
         1910,748;29,372;22,377;0,700
         1911,749;29,377;30,596;0,700
         1912,750;29,388;30,596;0,700
         1913,752;29,404;30,361;0,700
         1914,753;29,425;30,361;0,700
         1915,755;29,448;30,361;0,700
         1916,756;29,473;30,361;0,700
         1917,758;29,500;30,361;0,700
         1918,759;29,527;28,952;0,700
         1919,761;29,554;28,717;0,700
         1920,762;29,580;28,717;0,700
         1921,763;29,604;28,717;0,700
         1922,765;29,625;28,717;0,700
         1923,766;29,644;28,717;0,700
         1924,768;29,661;28,717;0,700
         1925,769;29,679;28,717;0,700
         1926,771;29,698;28,717;0,700
         1927,772;29,718;28,717;0,700
         1928,773;29,741;28,717;0,700
         1929,775;29,765;28,717;0,700
         1930,776;29,794;28,717;0,700
         1931,778;29,826;28,717;0,700
         1932,779;29,858;28,717;0,700
         1933,781;29,889;30,126;0,700
         1934,782;29,920;29,891;0,700
         1935,784;29,950;29,891;0,700
         1936,785;29,976;29,891;0,700
         1937,786;30,000;29,891;0,700
         1938,788;30,019;29,891;0,700
         1939,789;30,038;30,126;0,700
         1940,791;30,056;30,126;0,700
         1941,792;30,074;30,126;0,700
         1942,794;30,093;30,126;0,700
         1943,795;30,115;30,126;0,700
         1944,797;30,142;30,126;0,700
         1945,798;30,172;30,126;0,700
         1946,799;30,202;30,126;0,700
         1947,801;30,230;29,891;0,700
         1948,802;30,254;29,891;0,700
         1949,804;30,275;29,891;0,700
         1950,805;30,287;30,126;0,700
         1951,807;30,297;30,126;0,700
         1952,808;30,306;30,126;0,700
         1953,809;30,317;30,126;0,700
         1954,811;30,331;30,126;0,700
         1955,812;30,352;30,126;0,700
         1956,814;30,375;30,126;0,700
         1957,815;30,398;30,126;0,700
         1958,817;30,418;29,891;0,700
         1959,818;30,435;29,891;0,700
         1960,820;30,447;29,891;0,700
         1961,821;30,454;30,126;0,700
         1962,822;30,458;30,126;0,700
         1963,824;30,463;30,126;0,700
         1964,825;30,468;30,126;0,700
         1965,827;30,475;30,126;0,700
         1966,828;30,488;30,126;0,700
         1967,830;30,503;30,126;0,700
         1968,831;30,519;30,126;0,700
         1969,833;30,533;29,891;0,700
         1970,834;30,545;29,891;0,700
         1971,835;30,553;29,891;0,700
         1972,837;30,557;30,126;0,700
         1973,838;30,557;30,126;0,700
         1974,840;30,557;30,126;0,700
         1975,841;30,557;30,126;0,700
         1976,843;30,558;30,126;0,700
         1977,844;30,564;30,126;0,700
         1978,845;30,576;30,126;0,700
         1979,847;30,589;30,126;0,700
         1980,848;30,600;29,891;0,700
         1981,850;30,608;29,891;0,700
         1982,851;30,613;29,891;0,700
         1983,853;30,612;29,891;0,700
         1984,854;30,606;30,126;0,700
         1985,856;30,600;30,126;0,700
         1986,857;30,596;30,126;0,700
         1987,858;30,595;30,126;0,700
         1988,860;30,598;30,126;0,700
         1989,861;30,607;30,126;0,700
         1990,863;30,616;30,126;0,700
         1991,864;30,625;29,891;0,700
         1992,866;30,632;29,891;0,700
         1993,867;30,636;29,891;0,700
         1994,869;30,635;29,891;0,700
         1995,870;30,630;29,891;0,700
         1996,871;30,625;30,126;0,700
         1997,873;30,619;30,126;0,700
         1998,874;30,616;30,126;0,700
         1999,876;30,616;30,126;0,700
         2000,877;30,621;30,126;0,700
         2001,879;30,631;30,126;0,700
         2002,880;30,640;30,126;0,700
         2003,881;30,649;29,891;0,700
         2004,883;30,657;29,891;0,700
         2005,884;30,662;29,891;0,700
         2006,886;30,663;29,891;0,700
         2007,887;30,658;30,126;0,700
         2008,889;30,652;30,126;0,700
         2009,890;30,647;30,126;0,700
         2010,892;30,644;30,126;0,700
         2011,893;30,643;30,126;0,700
         2012,894;30,648;30,126;0,700
         2013,896;30,659;30,126;0,700
         2014,897;30,670;30,126;0,700
         2015,899;30,682;29,891;0,700
         2016,900;30,692;29,891;0,700
         2017,902;30,699;29,891;0,700
         2018,903;30,702;29,891;0,700
         2019,905;30,700;30,126;0,700
         2020,906;30,697;30,126;0,700
         2021,907;30,693;29,891;0,700
         2022,909;30,690;30,126;0,700
         2023,910;30,688;30,126;0,700
         2024,912;30,689;30,126;0,700
         2025,913;30,694;30,126;0,700
         2026,915;30,705;30,126;0,700
         2027,916;30,716;30,126;0,700
         2028,917;30,726;29,891;0,700
         2029,919;30,733;29,891;0,700
         2030,920;30,737;29,891;0,700
         2031,922;30,735;29,891;0,700
         2032,923;30,730;30,126;0,700
         2033,925;30,726;30,126;0,700
         2034,926;30,722;30,126;0,700
         2035,928;30,719;30,126;0,700
         2036,929;30,720;30,126;0,700
         2037,930;30,727;30,126;0,700
         2038,932;30,734;30,126;0,700
         2039,933;30,742;29,891;0,700
         2040,935;30,750;29,891;0,700
         2041,936;30,753;29,891;0,700
         2042,938;30,751;29,891;0,700
         2043,939;30,743;30,126;0,700
         2044,941;30,734;30,126;0,700
         2045,942;30,727;30,126;0,700
         2046,943;30,720;30,126;0,700
         2047,945;30,716;29,891;0,700
         2048,946;30,719;30,126;0,700
         2049,948;30,724;30,126;0,700
         2050,949;30,728;29,891;0,700
         2051,951;30,731;29,891;0,700
         2052,952;30,730;29,891;0,700
         2053,953;30,726;29,891;0,700
         2054,955;30,715;30,126;0,700
         2055,956;30,703;30,126;0,700
         2056,958;30,692;30,126;0,700
         2057,959;30,681;30,126;0,700
         2058,961;30,673;30,126;0,700
         2059,962;30,668;30,126;0,700
         2060,964;30,669;30,126;0,700
         2061,965;30,669;30,126;0,700
         2062,966;30,669;29,891;0,700
         2063,968;30,668;29,891;0,700
         2064,969;30,666;29,891;0,700
         2065,971;30,659;29,891;0,700
         2066,972;30,647;29,891;0,700
         2067,974;30,636;30,126;0,700
         2068,975;30,623;30,126;0,700
         2069,977;30,613;30,126;0,700
         2070,978;30,604;30,126;0,700
         2071,979;30,599;30,126;0,700
         2072,981;30,600;30,126;0,700
         2073,982;30,604;30,126;0,700
         2074,984;30,609;30,126;0,700
         2075,985;30,613;29,891;0,700
         2076,987;30,614;29,891;0,700
         2077,988;30,613;29,891;0,700
         2078,989;30,609;29,891;0,700
         2079,991;30,599;30,126;0,700
         2080,992;30,588;30,126;0,700
         2081,994;30,578;30,126;0,700
         2082,995;30,568;30,126;0,700
         2083,997;30,562;30,126;0,700
         2084,998;30,558;30,126;0,700
         2086,000;30,561;30,126;0,700
         2087,001;30,565;30,126;0,700
         2088,002;30,569;29,891;0,700
         2089,004;30,573;29,891;0,700
         2090,005;30,574;29,891;0,700
         2091,007;30,573;29,891;0,700
         2092,008;30,567;30,126;0,700
         2093,010;30,560;30,126;0,700
         2094,011;30,556;30,126;0,700
         2095,013;30,553;30,126;0,700
         2096,014;30,555;30,126;0,700
         2097,015;30,561;30,126;0,700
         2098,017;30,570;30,126;0,700
         2099,018;30,580;30,126;0,700
         2100,020;30,591;29,891;0,700
         2101,021;30,599;29,891;0,700
         2102,023;30,605;29,891;0,700
         2103,024;30,607;29,891;0,700
         2104,025;30,605;30,126;0,700
         2105,027;30,600;30,126;0,700
         2106,028;30,596;30,126;0,700
         2107,030;30,591;30,126;0,700
         2108,031;30,587;30,126;0,700
         2109,033;30,584;30,126;0,700
         2110,034;30,585;30,126;0,700
         2111,036;30,588;30,126;0,700
         2112,037;30,594;30,126;0,700
         2113,038;30,602;30,126;0,700
         2114,040;30,611;30,126;0,700
         2115,041;30,618;29,891;0,700
         2116,043;30,626;29,891;0,700
         2117,044;30,634;29,891;0,700
         2118,046;30,640;29,891;0,700
         2119,047;30,643;29,891;0,700
         2120,049;30,645;29,891;0,700
         2121,050;30,642;29,891;0,700
         2122,051;30,636;30,126;0,700
         2123,053;30,631;30,126;0,700
         2124,054;30,627;30,126;0,700
         2125,056;30,623;30,126;0,700
         2126,057;30,619;30,126;0,700
         2127,059;30,617;30,126;0,700
         2128,060;30,617;30,126;0,700
         2129,061;30,621;30,126;0,700
         2130,063;30,629;30,126;0,700
         2131,064;30,636;30,126;0,700
         2132,066;30,642;30,126;0,700
         2133,067;30,648;29,891;0,700
         2134,069;30,655;29,891;0,700
         2135,070;30,659;29,891;0,700
         2136,072;30,662;29,891;0,700
         2137,073;30,661;29,891;0,700
         2138,074;30,657;30,126;0,700
         2139,076;30,651;30,126;0,700
         2140,077;30,646;30,126;0,700
         2141,079;30,640;30,126;0,700
         2142,080;30,635;30,126;0,700
         2143,082;30,630;30,126;0,700
         2144,083;30,627;30,126;0,700
         2145,085;30,627;30,126;0,700
         2146,086;30,630;30,126;0,700
         2147,087;30,634;30,126;0,700
         2148,089;30,642;30,126;0,700
         2149,090;30,651;30,126;0,700
         2150,092;30,659;30,126;0,700
         2151,093;30,666;30,126;0,700
         2152,095;30,673;30,126;0,700
         2153,096;30,680;29,891;0,700
         2154,097;30,685;29,891;0,700
         2155,099;30,690;29,891;0,700
         2156,100;30,692;29,891;0,700
         2157,102;30,694;29,891;0,700
         2158,103;30,695;29,891;0,700
         2159,105;30,691;29,891;0,700
         2160,106;30,685;30,126;0,700
         2161,108;30,678;30,126;0,700
         2162,109;30,671;30,126;0,700
         2163,110;30,666;30,126;0,700
         2164,112;30,661;30,126;0,700
         2165,113;30,657;30,126;0,700
         2166,115;30,656;30,126;0,700
         2167,116;30,656;30,126;0,700
         2168,118;30,659;30,126;0,700
         2169,119;30,665;30,126;0,700
         2170,121;30,674;30,126;0,700
         2171,122;30,687;30,126;0,700
         2172,123;30,701;30,126;0,700
         2173,125;30,715;30,126;0,700
         2174,126;30,728;30,126;0,700
         2175,128;30,739;29,891;0,700
         2176,129;30,750;29,891;0,700
         2177,131;30,759;29,891;0,700
         2178,132;30,766;29,891;0,700
         2179,133;30,771;29,891;0,700
         2180,135;30,774;29,891;0,700
         2181,136;30,774;29,891;0,700
         2182,138;30,773;30,126;0,700
         2183,139;30,773;30,126;0,700
         2184,141;30,773;30,126;0,700
         2185,142;30,774;30,126;0,700
         2186,144;30,777;30,126;0,700
         2187,145;30,784;30,126;0,700
         2188,146;30,791;30,126;0,700
         2189,148;30,803;30,126;0,700
         2190,149;30,819;30,126;0,700
         2191,151;30,834;30,126;0,700
         2192,152;30,848;30,126;0,700
         2193,154;30,862;29,891;0,700
         2194,155;30,876;29,891;0,700
         2195,157;30,885;29,891;0,700
         2196,158;30,891;29,891;0,700
         2197,159;30,892;29,891;0,700
         2198,161;30,888;30,126;0,700
         2199,162;30,884;30,126;0,700
         2200,164;30,878;30,126;0,700
         2201,165;30,873;30,126;0,700
         2202,167;30,870;30,126;0,700
         2203,168;30,872;30,126;0,700
         2204,169;30,878;30,126;0,700
         2205,171;30,887;30,126;0,700
         2206,172;30,897;30,126;0,700
         2207,174;30,909;29,891;0,700
         2208,175;30,919;29,891;0,700
         2209,177;30,927;29,891;0,700
         2210,178;30,932;29,891;0,700
         2211,180;30,934;29,891;0,700
         2212,181;30,932;29,891;0,700
         2213,182;30,929;30,126;0,700
         2214,184;30,925;30,126;0,700
         2215,185;30,921;30,126;0,700
         2216,187;30,918;30,126;0,700
         2217,188;30,914;30,126;0,700
         2218,190;30,912;30,126;0,700
         2219,191;30,912;30,126;0,700
         2220,193;30,918;30,126;0,700
         2221,194;30,925;30,126;0,700
         2222,195;30,931;30,126;0,700
         2223,197;30,936;29,891;0,700
         2224,198;30,941;29,891;0,700
         2225,200;30,946;29,891;0,700
         2226,201;30,947;29,891;0,700
         2227,203;30,945;29,891;0,700
         2228,204;30,938;29,891;0,700
         2229,205;30,928;30,126;0,700
         2230,207;30,918;30,126;0,700
         2231,208;30,911;29,891;0,700
         2232,210;30,904;30,126;0,700
         2233,211;30,898;30,126;0,700
         2234,213;30,894;30,126;0,700
         2235,214;30,893;30,126;0,700
         2236,216;30,897;30,126;0,700
         2237,217;30,903;30,126;0,700
         2238,218;30,910;30,126;0,700
         2239,220;30,916;30,126;0,700
         2240,221;30,923;29,891;0,700
         2241,223;30,928;29,891;0,700
         2242,224;30,931;29,891;0,700
         2243,226;30,931;29,891;0,700
         2244,227;30,929;29,891;0,700
         2245,229;30,923;29,891;0,700
         2246,230;30,915;30,126;0,700
         2247,231;30,907;30,126;0,700
         2248,233;30,899;30,126;0,700
         2249,234;30,892;30,126;0,700
         2250,236;30,886;30,126;0,700
         2251,237;30,880;30,126;0,700
         2252,239;30,876;30,126;0,700
         2253,240;30,874;30,126;0,700
         2254,241;30,877;30,126;0,700
         2255,243;30,884;30,126;0,700
         2256,244;30,891;29,891;0,700
         2257,246;30,898;30,126;0,700
         2258,247;30,904;29,891;0,700
         2259,249;30,909;29,891;0,700
         2260,250;30,914;29,891;0,700
         2261,252;30,917;29,891;0,700
         2262,253;30,918;29,891;0,700
         2263,254;30,913;29,891;0,700
         2264,256;30,908;30,126;0,700
         2265,257;30,901;30,126;0,700
         2266,259;30,894;30,126;0,700
         2267,260;30,888;30,126;0,700
         2268,262;30,885;30,126;0,700
         2269,263;30,883;30,126;0,700
         2270,265;30,888;30,126;0,700
         2271,266;30,896;30,126;0,700
         2272,267;30,905;30,126;0,700
         2273,269;30,915;29,891;0,700
         2274,270;30,923;29,891;0,700
         2275,272;30,931;29,891;0,700
         2276,273;30,936;29,891;0,700
         2277,275;30,937;29,891;0,700
         2278,276;30,936;30,126;0,700
         2279,277;30,936;30,126;0,700
         2280,279;30,935;30,126;0,700
         2281,280;30,937;30,126;0,700
         2282,282;30,942;29,891;0,700
         2283,283;30,952;30,126;0,700
         2284,285;30,963;30,126;0,700
         2285,286;30,972;29,891;0,700
         2286,288;30,979;29,891;0,700
         2287,289;30,983;29,891;0,700
         2288,290;30,983;29,891;0,700
         2289,292;30,979;30,126;0,700
         2290,293;30,976;30,126;0,700
         2291,295;30,972;30,126;0,700
         2292,296;30,971;30,126;0,700
         2293,298;30,972;30,126;0,700
         2294,299;30,979;30,126;0,700
         2295,301;30,992;30,126;0,700
         2296,302;31,002;29,891;0,700
         2297,303;31,014;29,891;0,700
         2298,305;31,021;29,891;0,700
         2299,306;31,025;29,891;0,700
         2300,308;31,022;30,126;0,700
         2301,309;31,019;30,126;0,700
         2302,311;31,015;30,126;0,700
         2303,312;31,014;30,126;0,700
         2304,313;31,017;30,126;0,700
         2305,315;31,027;30,126;0,700
         2306,316;31,040;30,126;0,700
         2307,318;31,051;29,891;0,700
         2308,319;31,062;29,891;0,700
         2309,321;31,067;29,891;0,700
         2310,322;31,068;29,891;0,700
