            0,000;31,286;30,126;1,200
            1,001;31,286;30,126;1,200
            2,003;31,286;29,891;1,200
            3,004;31,286;29,891;1,200
            4,006;31,286;29,891;1,200
            5,007;31,285;29,891;1,200
            6,009;31,282;29,891;1,200
            7,010;31,278;29,891;1,200
            8,011;31,270;29,891;1,200
            9,013;31,261;29,891;1,200
           10,014;31,250;29,891;1,200
           11,016;31,241;30,126;1,200
           12,017;31,233;30,126;1,200
           13,019;31,227;30,126;1,200
           14,020;31,223;30,126;1,200
           15,022;31,222;30,126;1,200
           16,023;31,224;30,126;1,200
           17,024;31,232;30,126;1,200
           18,026;31,241;30,126;1,200
           19,027;31,250;30,126;1,200
           20,029;31,261;29,891;1,200
           21,030;31,271;29,891;1,200
           22,032;31,279;29,891;1,200
           23,033;31,286;29,891;1,200
           24,035;31,291;29,891;1,200
           25,036;31,292;29,891;1,200
           26,037;31,292;29,891;1,200
           27,039;31,291;29,891;1,200
           28,040;31,291;30,126;1,200
           29,042;31,292;30,126;1,200
           30,043;31,293;30,126;1,200
           31,045;31,298;30,126;1,200
           32,046;31,307;30,126;1,200
           33,047;31,320;30,126;1,200
           34,049;31,335;30,126;1,200
           35,050;31,351;29,891;1,200
           36,052;31,366;29,891;1,200
           37,053;31,379;29,891;1,200
           38,055;31,390;29,891;1,200
           39,056;31,395;29,891;1,200
           40,058;31,397;29,891;1,200
           41,059;31,400;30,126;1,200
           42,060;31,405;30,126;1,200
           43,062;31,411;30,126;1,200
           44,063;31,422;30,126;1,200
           45,065;31,440;30,126;1,200
           46,066;31,461;30,126;1,200
           47,068;31,484;30,126;1,200
           48,069;31,507;29,891;1,200
           49,071;31,528;29,891;1,200
           50,072;31,547;29,891;1,200
           51,073;31,562;29,891;1,200
           52,075;31,573;29,891;1,200
           53,076;31,583;29,891;1,200
           54,078;31,593;30,126;1,200
           55,079;31,604;30,126;1,200
           56,081;31,617;30,126;1,200
           57,082;31,634;30,126;1,200
           58,083;31,657;30,126;1,200
           59,085;31,683;30,126;1,200
           60,086;31,708;30,126;1,200
           61,088;31,733;29,891;1,200
           62,089;31,758;29,891;1,200
           63,091;31,781;29,891;1,200
           64,092;31,800;29,891;1,200
           65,094;31,813;29,891;1,200
           66,095;31,823;29,891;1,200
           67,096;31,834;30,126;1,200
           68,098;31,845;30,126;1,200
           69,099;31,856;30,126;1,200
           70,101;31,869;30,126;1,200
           71,102;31,885;30,126;1,200
           72,104;31,905;30,126;1,200
           73,105;31,931;30,126;1,200
           74,107;31,958;30,126;1,200
           75,108;31,985;29,891;1,200
           76,109;32,011;29,891;1,200
           77,111;32,036;29,891;1,200
           78,112;32,058;29,891;1,200
           79,114;32,078;29,891;1,200
           80,115;32,095;29,891;1,200
           81,117;32,109;29,891;1,200
           82,118;32,124;30,126;1,200
           83,119;32,139;30,126;1,200
           84,121;32,154;30,126;1,200
           85,122;32,169;30,126;1,200
           86,124;32,186;30,126;1,200
           87,125;32,208;30,126;1,200
           88,127;32,236;30,126;1,200
           89,128;32,265;30,126;1,200
           90,130;32,296;30,126;1,200
           91,131;32,326;29,891;1,200
           92,132;32,357;29,891;1,200
           93,134;32,384;29,891;1,200
           94,135;32,409;29,891;1,200
           95,137;32,428;29,891;1,200
           96,138;32,444;29,891;1,200
           97,140;32,458;29,891;1,200
           98,141;32,474;30,126;1,200
           99,143;32,489;30,126;1,200
          100,144;32,506;30,126;1,200
          101,145;32,526;30,126;1,200
          102,147;32,546;30,126;1,200
          103,148;32,572;30,126;1,200
          104,150;32,598;30,126;1,200
          105,151;32,624;30,126;1,200
          106,153;32,650;29,891;1,200
          107,154;32,675;29,891;1,200
          108,155;32,699;29,891;1,200
          109,157;32,722;29,891;1,200
          110,158;32,743;29,891;1,200
          111,160;32,760;29,891;1,200
          112,161;32,776;29,891;1,200
          113,163;32,791;29,891;1,200
          114,164;32,807;30,126;1,200
          115,166;32,822;30,126;1,200
          116,167;32,837;30,126;1,200
          117,168;32,853;30,126;1,200
          118,170;32,871;30,126;1,200
          119,171;32,891;30,126;1,200
          120,173;32,918;30,126;1,200
          121,174;32,945;30,126;1,200
          122,176;32,974;30,126;1,200
          123,177;33,001;30,126;1,200
          124,179;33,028;29,891;1,200
          125,180;33,052;29,891;1,200
          126,181;33,076;29,891;1,200
          127,183;33,096;29,891;1,200
          128,184;33,113;29,891;1,200
          129,186;33,126;29,891;1,200
          130,187;33,135;29,891;1,200
          131,189;33,142;29,891;1,200
          132,190;33,147;29,891;1,200
          133,191;33,151;30,126;1,200
          134,193;33,156;30,126;1,200
          135,194;33,162;30,126;1,200
          136,196;33,170;30,126;1,200
          137,197;33,182;30,126;1,200
          138,199;33,197;30,126;1,200
          139,200;33,214;30,126;1,200
          140,202;33,237;30,126;1,200
          141,203;33,262;30,126;1,200
          142,204;33,288;30,126;1,200
          143,206;33,312;30,126;1,200
          144,207;33,335;29,891;1,200
          145,209;33,356;29,891;1,200
          146,210;33,375;29,891;1,200
          147,212;33,392;29,891;1,200
          148,213;33,406;29,891;1,200
          149,215;33,418;29,891;1,200
          150,216;33,431;29,891;1,200
          151,217;33,440;29,891;1,200
          152,219;33,447;29,891;1,200
          153,220;33,454;29,891;1,200
          154,222;33,462;29,891;1,200
          155,223;33,470;30,126;1,200
          156,225;33,479;30,126;1,200
          157,226;33,487;30,126;1,200
          158,227;33,496;30,126;1,200
          159,229;33,506;30,126;1,200
          160,230;33,521;30,126;1,200
          161,232;33,540;30,126;1,200
          162,233;33,559;30,126;1,200
          163,235;33,582;30,126;1,200
          164,236;33,605;30,126;1,200
          165,238;33,628;30,126;1,200
          166,239;33,649;30,126;1,200
          167,240;33,672;30,126;1,200
          168,242;33,693;29,891;1,200
          169,243;33,716;29,891;1,200
          170,245;33,737;29,891;1,200
          171,246;33,758;29,891;1,200
          172,248;33,777;29,891;1,200
          173,249;33,793;29,891;1,200
          174,251;33,807;29,891;1,200
          175,252;33,817;29,891;1,200
          176,253;33,824;29,891;1,200
          177,255;33,832;29,891;1,200
          178,256;33,840;30,126;1,200
          179,258;33,848;30,126;1,200
          180,259;33,855;30,126;1,200
          181,261;33,862;30,126;1,200
          182,262;33,870;30,126;1,200
          183,263;33,881;30,126;1,200
          184,265;33,894;30,126;1,200
          185,266;33,914;30,126;1,200
          186,268;33,935;30,126;1,200
          187,269;33,959;30,126;1,200
          188,271;33,984;30,126;1,200
          189,272;34,008;29,891;1,200
          190,274;34,033;29,891;1,200
          191,275;34,057;29,891;1,200
          192,276;34,079;29,891;1,200
          193,278;34,099;29,891;1,200
          194,279;34,116;29,891;1,200
          195,281;34,130;29,891;1,200
          196,282;34,143;29,891;1,200
          197,284;34,158;30,126;1,200
          198,285;34,172;30,126;1,200
          199,287;34,184;30,126;1,200
          200,288;34,200;30,126;1,200
          201,289;34,219;30,126;1,200
          202,291;34,240;30,126;1,200
          203,292;34,268;30,126;1,200
          204,294;34,295;30,126;1,200
          205,295;34,323;30,126;1,200
          206,297;34,351;29,891;1,200
          207,298;34,378;29,891;1,200
          208,299;34,402;29,891;1,200
          209,301;34,420;29,891;1,200
          210,302;34,437;29,891;1,200
          211,304;34,448;29,891;1,200
          212,305;34,455;29,891;1,200
          213,307;34,461;30,126;1,200
          214,308;34,468;30,126;1,200
          215,310;34,477;30,126;1,200
          216,311;34,488;30,126;1,200
          217,312;34,503;30,126;1,200
          218,314;34,521;30,126;1,200
          219,315;34,545;30,126;1,200
          220,317;34,571;30,126;1,200
          221,318;34,597;30,126;1,200
          222,320;34,622;29,891;1,200
          223,321;34,645;29,891;1,200
          224,323;34,667;29,891;1,200
          225,324;34,686;29,891;1,200
          226,325;34,704;29,891;1,200
          227,327;34,719;29,891;1,200
          228,328;34,730;29,891;1,200
          229,330;34,739;29,891;1,200
          230,331;34,747;30,126;1,200
          231,333;34,755;30,126;1,200
          232,334;34,764;30,126;1,200
          233,335;34,775;30,126;1,200
          234,337;34,788;30,126;1,200
          235,338;34,807;30,126;1,200
          236,340;34,828;30,126;1,200
          237,341;34,851;30,126;1,200
          238,343;34,875;29,891;1,200
          239,344;34,896;29,891;1,200
          240,346;34,917;29,891;1,200
          241,347;34,934;29,891;1,200
          242,348;34,947;29,891;1,200
          243,350;34,956;29,891;1,200
          244,351;34,965;30,126;1,200
          245,353;34,976;30,126;1,200
          246,354;34,987;30,126;1,200
          247,356;35,002;30,126;1,200
          248,357;35,019;30,126;1,200
          249,359;35,045;30,126;1,200
          250,360;35,069;30,126;1,200
          251,361;35,092;30,126;1,200
          252,363;35,115;29,891;1,200
          253,364;35,137;29,891;1,200
          254,366;35,157;29,891;1,200
          255,367;35,175;29,891;1,200
          256,369;35,186;29,891;1,200
          257,370;35,195;29,891;1,200
          258,371;35,203;30,126;1,200
          259,373;35,212;30,126;1,200
          260,374;35,221;30,126;1,200
          261,376;35,232;30,126;1,200
          262,377;35,250;30,126;1,200
          263,379;35,271;30,126;1,200
          264,380;35,292;30,126;1,200
          265,382;35,313;29,891;1,200
          266,383;35,333;29,891;1,200
          267,384;35,350;29,891;1,200
          268,386;35,363;29,891;1,200
          269,387;35,372;29,891;1,200
          270,389;35,383;30,126;1,200
          271,390;35,395;30,126;1,200
          272,392;35,410;30,126;1,200
          273,393;35,429;30,126;1,200
          274,395;35,454;30,126;1,200
          275,396;35,479;29,891;1,200
          276,397;35,502;29,891;1,200
          277,399;35,518;29,891;1,200
          278,400;35,535;29,891;1,200
          279,402;35,545;29,891;1,200
          280,403;35,555;30,126;1,200
          281,405;35,566;30,126;1,200
          282,406;35,578;30,126;1,200
          283,407;35,593;30,126;1,200
          284,409;35,617;30,126;1,200
          285,410;35,643;30,126;1,200
          286,412;35,666;29,891;1,200
          287,413;35,687;29,891;1,200
          288,415;35,704;29,891;1,200
          289,416;35,717;29,891;1,200
          290,418;35,726;29,891;1,200
          291,419;35,732;30,126;1,200
          292,420;35,739;30,126;1,200
          293,422;35,748;30,126;1,200
          294,423;35,764;30,126;1,200
          295,425;35,782;30,126;1,200
          296,426;35,801;29,891;1,200
          297,428;35,820;29,891;1,200
          298,429;35,838;29,891;1,200
          299,431;35,855;29,891;1,200
          300,432;35,867;29,891;1,200
          301,433;35,878;30,126;1,200
          302,435;35,889;30,126;1,200
          303,436;35,900;30,126;1,200
          304,438;35,915;30,126;1,200
          305,439;35,937;30,126;1,200
          306,441;35,960;30,126;1,200
          307,442;35,985;29,891;1,200
          308,443;36,009;29,891;1,200
          309,445;36,032;29,891;1,200
          310,446;36,052;29,891;1,200
          311,448;36,066;29,891;1,200
          312,449;36,078;30,126;1,200
          313,451;36,090;30,126;1,200
          314,452;36,105;30,126;1,200
          315,454;36,122;30,126;1,200
          316,455;36,144;30,126;1,200
          317,456;36,169;30,126;1,200
          318,458;36,192;29,891;1,200
          319,459;36,215;29,891;1,200
          320,461;36,236;29,891;1,200
          321,462;36,253;29,891;1,200
          322,464;36,262;29,891;1,200
          323,465;36,268;30,126;1,200
          324,467;36,270;30,126;1,200
          325,468;36,272;30,126;1,200
          326,469;36,277;30,126;1,200
          327,471;36,285;30,126;1,200
          328,472;36,300;30,126;1,200
          329,474;36,314;30,126;1,200
          330,475;36,329;29,891;1,200
          331,477;36,341;29,891;1,200
          332,478;36,349;29,891;1,200
          333,479;36,350;29,891;1,200
          334,481;36,348;29,891;1,200
          335,482;36,346;30,126;1,200
          336,484;36,346;30,126;1,200
          337,485;36,349;30,126;1,200
          338,487;36,356;30,126;1,200
          339,488;36,371;30,126;1,200
          340,490;36,387;30,126;1,200
          341,491;36,404;29,891;1,200
          342,492;36,421;29,891;1,200
          343,494;36,438;29,891;1,200
          344,495;36,449;29,891;1,200
          345,497;36,455;29,891;1,200
          346,498;36,458;30,126;1,200
          347,500;36,461;30,126;1,200
          348,501;36,465;30,126;1,200
          349,503;36,471;30,126;1,200
          350,504;36,480;30,126;1,200
          351,505;36,494;30,126;1,200
          352,507;36,509;30,126;1,200
          353,508;36,525;30,126;1,200
          354,510;36,542;29,891;1,200
          355,511;36,558;29,891;1,200
          356,513;36,573;29,891;1,200
          357,514;36,583;29,891;1,200
          358,515;36,589;29,891;1,200
          359,517;36,595;30,126;1,200
          360,518;36,602;30,126;1,200
          361,520;36,609;30,126;1,200
          362,521;36,620;30,126;1,200
          363,523;36,637;30,126;1,200
          364,524;36,655;30,126;1,200
          365,526;36,674;30,126;1,200
          366,527;36,693;29,891;1,200
          367,528;36,710;29,891;1,200
          368,530;36,722;29,891;1,200
          369,531;36,729;29,891;1,200
          370,533;36,730;29,891;1,200
          371,534;36,732;30,126;1,200
          372,536;36,734;30,126;1,200
          373,537;36,736;30,126;1,200
          374,539;36,743;30,126;1,200
          375,540;36,756;30,126;1,200
          376,541;36,772;30,126;1,200
          377,543;36,788;30,126;1,200
          378,544;36,803;29,891;1,200
          379,546;36,817;29,891;1,200
          380,547;36,832;29,891;1,200
          381,549;36,846;29,891;1,200
          382,550;36,858;29,891;1,200
          383,551;36,865;29,891;1,200
          384,553;36,872;30,126;1,200
          385,554;36,879;30,126;1,200
          386,556;36,887;30,126;1,200
          387,557;36,896;30,126;1,200
          388,559;36,907;30,126;1,200
          389,560;36,918;30,126;1,200
          390,562;36,934;30,126;1,200
          391,563;36,949;30,126;1,200
          392,564;36,963;30,126;1,200
          393,566;36,978;30,126;1,200
          394,567;36,993;29,891;1,200
          395,569;37,008;29,891;1,200
          396,570;37,024;29,891;1,200
          397,572;37,036;29,891;1,200
          398,573;37,044;29,891;1,200
          399,575;37,049;29,891;1,200
          400,576;37,049;29,891;1,200
          401,577;37,047;29,891;1,200
          402,579;37,046;29,891;1,200
          403,580;37,044;30,126;1,200
          404,582;37,042;30,126;1,200
          405,583;37,039;30,126;1,200
          406,585;37,037;30,126;1,200
          407,586;37,031;30,126;1,200
          408,587;37,034;30,126;1,200
          409,589;37,040;30,126;1,200
          410,590;37,049;30,126;1,200
          411,592;37,064;30,126;1,200
          412,593;37,081;30,126;1,200
          413,595;37,098;30,126;1,200
          414,596;37,116;30,126;1,200
          415,598;37,132;30,126;1,200
          416,599;37,146;30,126;1,200
          417,600;37,158;29,891;1,200
          418,602;37,168;29,891;1,200
          419,603;37,176;29,891;1,200
          420,605;37,183;29,891;1,200
          421,606;37,188;29,891;1,200
          422,608;37,191;29,891;1,200
          423,609;37,194;29,891;1,200
          424,611;37,195;29,891;1,200
          425,612;37,196;29,891;1,200
          426,613;37,196;29,891;1,200
          427,615;37,196;29,891;1,200
          428,616;37,195;30,126;1,200
          429,618;37,195;30,126;1,200
          430,619;37,194;30,126;1,200
          431,621;37,195;30,126;1,200
          432,622;37,197;30,126;1,200
          433,623;37,202;30,126;1,200
          434,625;37,210;30,126;1,200
          435,626;37,218;30,126;1,200
          436,628;37,231;30,126;1,200
          437,629;37,247;30,126;1,200
          438,631;37,264;30,126;1,200
          439,632;37,281;30,126;1,200
          440,634;37,296;30,126;1,200
          441,635;37,308;30,126;1,200
          442,636;37,319;29,891;1,200
          443,638;37,326;29,891;1,200
          444,639;37,331;29,891;1,200
          445,641;37,334;29,891;1,200
          446,642;37,335;29,891;1,200
          447,644;37,328;29,891;1,200
          448,645;37,324;29,891;1,200
          449,647;37,319;29,891;1,200
          450,648;37,312;29,891;1,200
          451,649;37,307;30,126;1,200
          452,651;37,302;30,126;1,200
          453,652;37,297;30,126;1,200
          454,654;37,292;30,126;1,200
          455,655;37,287;30,126;1,200
          456,657;37,283;30,126;1,200
          457,658;37,281;30,126;1,200
          458,659;37,279;30,126;1,200
          459,661;37,279;30,126;1,200
          460,662;37,283;30,126;1,200
          461,664;37,286;30,126;1,200
          462,665;37,290;30,126;1,200
          463,667;37,292;29,891;1,200
          464,668;37,294;30,126;1,200
          465,670;37,295;29,891;1,200
          466,671;37,297;29,891;1,200
          467,672;37,299;29,891;1,200
          468,674;37,301;29,891;1,200
          469,675;37,303;29,891;1,200
          470,677;37,304;29,891;1,200
          471,678;37,307;29,891;1,200
          472,680;37,308;29,891;1,200
          473,681;37,309;29,891;1,200
          474,683;37,310;29,891;1,200
          475,684;37,314;30,126;1,200
          476,685;37,317;30,126;1,200
          477,687;37,320;30,126;1,200
          478,688;37,324;30,126;1,200
          479,690;37,328;30,126;1,200
          480,691;37,336;30,126;1,200
          481,693;37,347;30,126;1,200
          482,694;37,364;30,126;1,200
          483,695;37,379;30,126;1,200
          484,697;37,393;30,126;1,200
          485,698;37,403;30,126;1,200
          486,700;37,416;29,891;1,200
          487,701;37,429;29,891;1,200
          488,703;37,442;29,891;1,200
          489,704;37,456;29,891;1,200
          490,706;37,471;29,891;1,200
          491,707;37,484;29,891;1,200
          492,708;37,497;29,891;1,200
          493,710;37,508;29,891;1,200
          494,711;37,518;29,891;1,200
          495,713;37,526;29,891;1,200
          496,714;37,534;30,126;1,200
          497,716;37,541;30,126;1,200
          498,717;37,547;30,126;1,200
          499,719;37,553;30,126;1,200
          500,720;37,558;30,126;1,200
          501,721;37,566;30,126;1,200
          502,723;37,575;30,126;1,200
          503,724;37,591;30,126;1,200
          504,726;37,608;30,126;1,200
          505,727;37,628;30,126;1,200
          506,729;37,648;30,126;1,200
          507,730;37,670;29,891;1,200
          508,731;37,690;29,891;1,200
          509,733;37,710;29,891;1,200
          510,734;37,727;29,891;1,200
          511,736;37,743;29,891;1,200
          512,737;37,755;29,891;1,200
          513,739;37,766;29,891;1,200
          514,740;37,777;30,126;1,200
          515,742;37,788;30,126;1,200
          516,743;37,800;30,126;1,200
          517,744;37,812;30,126;1,200
          518,746;37,825;30,126;1,200
          519,747;37,840;30,126;1,200
          520,749;37,858;30,126;1,200
          521,750;37,876;30,126;1,200
          522,752;37,893;30,126;1,200
          523,753;37,908;30,126;1,200
          524,755;37,922;29,891;1,200
          525,756;37,936;29,891;1,200
          526,757;37,949;29,891;1,200
          527,759;37,959;29,891;1,200
          528,760;37,967;29,891;1,200
          529,762;37,971;29,891;1,200
          530,763;37,973;29,891;1,200
          531,765;37,973;30,126;1,200
          532,766;37,972;30,126;1,200
          533,767;37,970;30,126;1,200
          534,769;37,966;30,126;1,200
          535,770;37,961;30,126;1,200
          536,772;37,958;30,126;1,200
          537,773;37,956;30,126;1,200
          538,775;37,959;30,126;1,200
          539,776;37,962;30,126;1,200
          540,778;37,964;30,126;1,200
          541,779;37,962;29,891;1,200
          542,780;37,959;29,891;1,200
          543,782;37,955;29,891;1,200
          544,783;37,950;29,891;1,200
          545,785;37,944;29,891;1,200
          546,786;37,934;29,891;1,200
          547,788;37,924;30,126;1,200
          548,789;37,915;30,126;1,200
          549,791;37,907;30,126;1,200
          550,792;37,901;30,126;1,200
          551,793;37,897;30,126;1,200
          552,795;37,896;30,126;1,200
          553,796;37,904;30,126;1,200
          554,798;37,916;30,126;1,200
          555,799;37,929;30,126;1,200
          556,801;37,941;29,891;1,200
          557,802;37,949;29,891;1,200
          558,803;37,953;29,891;1,200
          559,805;37,954;29,891;1,200
          560,806;37,952;29,891;1,200
          561,808;37,948;29,891;1,200
          562,809;37,945;30,126;1,200
          563,811;37,943;30,126;1,200
          564,812;37,940;30,126;1,200
          565,814;37,938;30,126;1,200
          566,815;37,938;30,126;1,200
          567,816;37,940;30,126;1,200
          568,818;37,948;30,126;1,200
          569,819;37,956;30,126;1,200
          570,821;37,964;30,126;1,200
          571,822;37,970;29,891;1,200
          572,824;37,973;29,891;1,200
          573,825;37,973;29,891;1,200
          574,827;37,972;29,891;1,200
          575,828;37,968;29,891;1,200
          576,829;37,959;29,891;1,200
          577,831;37,948;29,891;1,200
          578,832;37,936;30,126;1,200
          579,834;37,925;30,126;1,200
          580,835;37,915;30,126;1,200
          581,837;37,912;30,126;1,200
          582,838;37,911;30,126;1,200
          583,839;37,916;30,126;1,200
          584,841;37,925;30,126;1,200
          585,842;37,933;30,126;1,200
          586,844;37,941;29,891;1,200
          587,845;37,949;29,891;1,200
          588,847;37,955;29,891;1,200
          589,848;37,954;29,891;1,200
          590,850;37,953;29,891;1,200
          591,851;37,948;29,891;1,200
          592,852;37,944;30,126;1,200
          593,854;37,940;30,126;1,200
          594,855;37,938;30,126;1,200
          595,857;37,939;30,126;1,200
          596,858;37,943;30,126;1,200
          597,860;37,952;30,126;1,200
          598,861;37,963;30,126;1,200
          599,863;37,975;30,126;1,200
          600,864;37,988;29,891;1,200
          601,865;38,003;29,891;1,200
          602,867;38,019;29,891;1,200
          603,868;38,036;29,891;1,200
          604,870;38,051;29,891;1,200
          605,871;38,062;29,891;1,200
          606,873;38,072;29,891;1,200
          607,874;38,084;30,126;1,200
          608,875;38,093;30,126;1,200
          609,877;38,102;30,126;1,200
          610,878;38,113;30,126;1,200
          611,880;38,127;30,126;1,200
          612,881;38,146;30,126;1,200
          613,883;38,163;30,126;1,200
          614,884;38,180;30,126;1,200
          615,886;38,196;29,891;1,200
          616,887;38,208;29,891;1,200
          617,888;38,215;29,891;1,200
          618,890;38,218;29,891;1,200
          619,891;38,217;29,891;1,200
          620,893;38,214;30,126;1,200
          621,894;38,210;30,126;1,200
          622,896;38,207;30,126;1,200
          623,897;38,207;30,126;1,200
          624,899;38,211;30,126;1,200
          625,900;38,222;30,126;1,200
          626,901;38,234;30,126;1,200
          627,903;38,246;30,126;1,200
          628,904;38,256;29,891;1,200
          629,906;38,263;29,891;1,200
          630,907;38,268;29,891;1,200
          631,909;38,266;29,891;1,200
          632,910;38,260;29,891;1,200
          633,911;38,253;30,126;1,200
          634,913;38,245;30,126;1,200
          635,914;38,239;30,126;1,200
          636,916;38,236;30,126;1,200
          637,917;38,236;30,126;1,200
          638,919;38,241;30,126;1,200
          639,920;38,248;30,126;1,200
          640,922;38,253;29,891;1,200
          641,923;38,260;29,891;1,200
          642,924;38,266;29,891;1,200
          643,926;38,273;29,891;1,200
          644,927;38,273;29,891;1,200
          645,929;38,270;30,126;1,200
          646,930;38,268;30,126;1,200
          647,932;38,269;30,126;1,200
          648,933;38,271;30,126;1,200
          649,935;38,279;30,126;1,200
          650,936;38,291;30,126;1,200
          651,937;38,308;30,126;1,200
          652,939;38,327;30,126;1,200
          653,940;38,346;29,891;1,200
          654,942;38,363;29,891;1,200
          655,943;38,377;29,891;1,200
          656,945;38,386;29,891;1,200
          657,946;38,389;29,891;1,200
          658,947;38,386;29,891;1,200
          659,949;38,381;29,891;1,200
          660,950;38,373;30,126;1,200
          661,952;38,367;30,126;1,200
          662,953;38,360;30,126;1,200
          663,955;38,356;30,126;1,200
          664,956;38,357;30,126;1,200
          665,958;38,362;30,126;1,200
          666,959;38,375;30,126;1,200
          667,960;38,389;30,126;1,200
          668,962;38,402;30,126;1,200
          669,963;38,417;29,891;1,200
          670,965;38,431;29,891;1,200
          671,966;38,443;29,891;1,200
          672,968;38,452;29,891;1,200
          673,969;38,457;29,891;1,200
          674,971;38,462;30,126;1,200
          675,972;38,468;30,126;1,200
          676,973;38,473;30,126;1,200
          677,975;38,477;30,126;1,200
          678,976;38,484;30,126;1,200
          679,978;38,497;30,126;1,200
          680,979;38,509;30,126;1,200
          681,981;38,518;29,891;1,200
          682,982;38,526;29,891;1,200
          683,983;38,529;29,891;1,200
          684,985;38,530;29,891;1,200
          685,986;38,523;29,891;1,200
          686,988;38,513;29,891;1,200
          687,989;38,503;30,126;1,200
          688,991;38,493;30,126;1,200
          689,992;38,484;30,126;1,200
          690,994;38,481;30,126;1,200
          691,995;38,485;30,126;1,200
          692,996;38,490;30,126;1,200
          693,998;38,494;29,891;1,200
          694,999;38,496;29,891;1,200
          696,001;38,497;29,891;1,200
          697,002;38,497;29,891;1,200
          698,004;38,493;29,891;1,200
          699,005;38,490;30,126;1,200
          700,007;38,490;30,126;1,200
          701,008;38,493;30,126;1,200
          702,009;38,500;30,126;1,200
          703,011;38,515;30,126;1,200
          704,012;38,529;30,126;1,200
          705,014;38,544;29,891;1,200
          706,015;38,557;29,891;1,200
          707,017;38,566;29,891;1,200
          708,018;38,570;29,891;1,200
          709,019;38,572;29,891;1,200
          710,021;38,573;30,126;1,200
          711,022;38,576;30,126;1,200
          712,024;38,580;30,126;1,200
          713,025;38,588;30,126;1,200
          714,027;38,603;30,126;1,200
          715,028;38,619;30,126;1,200
          716,030;38,635;30,126;1,200
          717,031;38,649;29,891;1,200
          718,032;38,662;29,891;1,200
          719,034;38,672;29,891;1,200
          720,035;38,678;29,891;1,200
          721,037;38,681;29,891;1,200
          722,038;38,683;29,891;1,200
          723,040;38,687;30,126;1,200
          724,041;38,690;30,126;1,200
          725,043;38,694;30,126;1,200
          726,044;38,700;30,126;1,200
          727,045;38,707;30,126;1,200
          728,047;38,718;30,126;1,200
          729,048;38,730;30,126;1,200
          730,050;38,742;30,126;1,200
          731,051;38,752;29,891;1,200
          732,053;38,763;29,891;1,200
          733,054;38,773;29,891;1,200
          734,055;38,779;29,891;1,200
          735,057;38,779;29,891;1,200
          736,058;38,776;29,891;1,200
          737,060;38,773;30,126;1,200
          738,061;38,771;30,126;1,200
          739,063;38,767;30,126;1,200
          740,064;38,765;30,126;1,200
          741,066;38,766;30,126;1,200
          742,067;38,771;30,126;1,200
          743,068;38,778;30,126;1,200
          744,070;38,783;30,126;1,200
          745,071;38,790;29,891;1,200
          746,073;38,793;29,891;1,200
          747,074;38,792;29,891;1,200
          748,076;38,788;29,891;1,200
          749,077;38,778;29,891;1,200
          750,079;38,770;30,126;1,200
          751,080;38,760;30,126;1,200
          752,081;38,752;30,126;1,200
          753,083;38,746;30,126;1,200
          754,084;38,744;30,126;1,200
          755,086;38,752;30,126;1,200
          756,087;38,760;30,126;1,200
          757,089;38,767;30,126;1,200
          758,090;38,774;29,891;1,200
          759,091;38,779;29,891;1,200
          760,093;38,780;29,891;1,200
          761,094;38,774;29,891;1,200
          762,096;38,763;29,891;1,200
          763,097;38,750;30,126;1,200
          764,099;38,738;30,126;1,200
          765,100;38,729;30,126;1,200
          766,102;38,724;30,126;1,200
          767,103;38,726;30,126;1,200
          768,104;38,728;30,126;1,200
          769,106;38,730;29,891;1,200
          770,107;38,732;29,891;1,200
          771,109;38,735;29,891;1,200
          772,110;38,733;29,891;1,200
          773,112;38,725;29,891;1,200
          774,113;38,717;30,126;1,200
          775,115;38,710;30,126;1,200
          776,116;38,705;30,126;1,200
          777,117;38,704;30,126;1,200
          778,119;38,711;30,126;1,200
          779,120;38,721;30,126;1,200
          780,122;38,730;29,891;1,200
          781,123;38,739;29,891;1,200
          782,125;38,744;29,891;1,200
          783,126;38,745;29,891;1,200
          784,127;38,739;29,891;1,200
          785,129;38,735;29,891;1,200
          786,130;38,729;30,126;1,200
          787,132;38,723;30,126;1,200
          788,133;38,719;30,126;1,200
          789,135;38,715;30,126;1,200
          790,136;38,716;30,126;1,200
          791,138;38,720;30,126;1,200
          792,139;38,722;30,126;1,200
          793,140;38,725;29,891;1,200
          794,142;38,726;29,891;1,200
          795,143;38,727;29,891;1,200
          796,145;38,727;29,891;1,200
          797,146;38,726;29,891;1,200
          798,148;38,723;29,891;1,200
          799,149;38,718;29,891;1,200
          800,151;38,713;30,126;1,200
          801,152;38,706;30,126;1,200
          802,153;38,700;30,126;1,200
          803,155;38,694;30,126;1,200
          804,156;38,689;30,126;1,200
          805,158;38,688;30,126;1,200
          806,159;38,694;30,126;1,200
          807,161;38,702;30,126;1,200
          808,162;38,712;30,126;1,200
          809,163;38,722;30,126;1,200
          810,165;38,730;29,891;1,200
          811,166;38,737;29,891;1,200
          812,168;38,743;29,891;1,200
          813,169;38,746;29,891;1,200
          814,171;38,745;29,891;1,200
          815,172;38,742;29,891;1,200
          816,174;38,739;29,891;1,200
          817,175;38,732;29,891;1,200
          818,176;38,724;30,126;1,200
          819,178;38,713;30,126;1,200
          820,179;38,704;30,126;1,200
          821,181;38,696;30,126;1,200
          822,182;38,686;30,126;1,200
          823,184;38,680;30,126;1,200
          824,185;38,669;30,126;1,200
          825,187;38,667;30,126;1,200
          826,188;38,671;30,126;1,200
          827,189;38,677;30,126;1,200
          828,191;38,684;30,126;1,200
          829,192;38,694;30,126;1,200
          830,194;38,705;29,891;1,200
          831,195;38,715;29,891;1,200
          832,197;38,725;29,891;1,200
          833,198;38,737;29,891;1,200
          834,199;38,747;29,891;1,200
          835,201;38,754;29,891;1,200
          836,202;38,759;29,891;1,200
          837,204;38,763;29,891;1,200
          838,205;38,764;29,891;1,200
          839,207;38,768;29,891;1,200
          840,208;38,775;30,126;1,200
          841,210;38,779;30,126;1,200
          842,211;38,783;30,126;1,200
          843,212;38,787;30,126;1,200
          844,214;38,791;30,126;1,200
          845,215;38,798;30,126;1,200
          846,217;38,808;30,126;1,200
          847,218;38,822;30,126;1,200
          848,220;38,842;30,126;1,200
          849,221;38,864;30,126;1,200
          850,223;38,888;30,126;1,200
          851,224;38,909;29,891;1,200
          852,225;38,930;29,891;1,200
          853,227;38,947;29,891;1,200
          854,228;38,958;29,891;1,200
          855,230;38,967;29,891;1,200
          856,231;38,969;29,891;1,200
          857,233;38,969;29,891;1,200
          858,234;38,965;30,126;1,200
          859,235;38,962;30,126;1,200
          860,237;38,958;30,126;1,200
          861,238;38,953;30,126;1,200
          862,240;38,948;30,126;1,200
          863,241;38,945;30,126;1,200
          864,243;38,942;30,126;1,200
          865,244;38,944;30,126;1,200
          866,246;38,946;30,126;1,200
          867,247;38,948;29,891;1,200
          868,248;38,951;29,891;1,200
          869,250;38,956;29,891;1,200
          870,251;38,962;29,891;1,200
          871,253;38,968;29,891;1,200
          872,254;38,972;29,891;1,200
          873,256;38,974;29,891;1,200
          874,257;38,974;29,891;1,200
          875,259;38,974;30,126;1,200
          876,260;38,975;30,126;1,200
          877,261;38,975;30,126;1,200
          878,263;38,976;30,126;1,200
          879,264;38,979;30,126;1,200
          880,266;38,983;30,126;1,200
          881,267;38,988;30,126;1,200
          882,269;38,994;30,126;1,200
          883,270;39,005;30,126;1,200
          884,271;39,017;30,126;1,200
          885,273;39,030;30,126;1,200
          886,274;39,042;30,126;1,200
          887,276;39,054;29,891;1,200
          888,277;39,066;29,891;1,200
          889,279;39,076;29,891;1,200
          890,280;39,084;29,891;1,200
          891,282;39,088;29,891;1,200
          892,283;39,090;29,891;1,200
          893,284;39,088;29,891;1,200
          894,286;39,087;29,891;1,200
          895,287;39,086;29,891;1,200
          896,289;39,085;30,126;1,200
          897,290;39,083;30,126;1,200
          898,292;39,081;30,126;1,200
          899,293;39,078;30,126;1,200
          900,295;39,076;30,126;1,200
          901,296;39,075;30,126;1,200
          902,297;39,076;30,126;1,200
          903,299;39,081;30,126;1,200
          904,300;39,084;30,126;1,200
          905,302;39,087;30,126;1,200
          906,303;39,087;29,891;1,200
          907,305;39,089;29,891;1,200
          908,306;39,090;29,891;1,200
          909,307;39,091;29,891;1,200
          910,309;39,089;29,891;1,200
          911,310;39,085;29,891;1,200
          912,312;39,078;29,891;1,200
          913,313;39,068;29,891;1,200
          914,315;39,058;30,126;1,200
          915,316;39,050;30,126;1,200
          916,318;39,045;30,126;1,200
          917,319;39,044;30,126;1,200
          918,320;39,046;30,126;1,200
          919,322;39,052;30,126;1,200
          920,323;39,063;30,126;1,200
          921,325;39,074;30,126;1,200
          922,326;39,086;30,126;1,200
          923,328;39,096;29,891;1,200
          924,329;39,107;29,891;1,200
          925,331;39,117;29,891;1,200
          926,332;39,123;29,891;1,200
          927,333;39,126;29,891;1,200
          928,335;39,124;29,891;1,200
          929,336;39,119;29,891;1,200
          930,338;39,113;30,126;1,200
          931,339;39,107;30,126;1,200
          932,341;39,098;30,126;1,200
          933,342;39,089;30,126;1,200
          934,343;39,079;30,126;1,200
          935,345;39,073;30,126;1,200
          936,346;39,073;30,126;1,200
          937,348;39,074;30,126;1,200
          938,349;39,075;30,126;1,200
          939,351;39,075;29,891;1,200
          940,352;39,074;29,891;1,200
          941,354;39,069;29,891;1,200
          942,355;39,061;29,891;1,200
          943,356;39,047;29,891;1,200
          944,358;39,031;30,126;1,200
          945,359;39,016;30,126;1,200
          946,361;39,000;30,126;1,200
          947,362;38,985;30,126;1,200
          948,364;38,976;30,126;1,200
          949,365;38,973;30,126;1,200
          950,367;38,973;30,126;1,200
          951,368;38,972;29,891;1,200
          952,369;38,971;29,891;1,200
          953,371;38,967;29,891;1,200
          954,372;38,960;29,891;1,200
          955,374;38,950;29,891;1,200
          956,375;38,940;30,126;1,200
          957,377;38,932;30,126;1,200
          958,378;38,926;30,126;1,200
          959,379;38,926;30,126;1,200
          960,381;38,931;30,126;1,200
          961,382;38,941;30,126;1,200
          962,384;38,955;30,126;1,200
          963,385;38,967;29,891;1,200
          964,387;38,976;29,891;1,200
          965,388;38,982;29,891;1,200
          966,390;38,983;29,891;1,200
          967,391;38,981;30,126;1,200
          968,392;38,979;30,126;1,200
          969,394;38,977;30,126;1,200
          970,395;38,976;30,126;1,200
          971,397;38,979;30,126;1,200
          972,398;38,986;30,126;1,200
          973,400;38,993;30,126;1,200
          974,401;39,002;30,126;1,200
          975,403;39,008;29,891;1,200
          976,404;39,015;29,891;1,200
          977,405;39,018;29,891;1,200
          978,407;39,015;29,891;1,200
          979,408;39,010;29,891;1,200
          980,410;39,005;30,126;1,200
          981,411;39,002;30,126;1,200
          982,413;39,000;30,126;1,200
          983,414;38,997;30,126;1,200
          984,415;38,995;30,126;1,200
          985,417;38,999;30,126;1,200
          986,418;39,006;30,126;1,200
          987,420;39,011;29,891;1,200
          988,421;39,016;29,891;1,200
          989,423;39,019;29,891;1,200
          990,424;39,019;29,891;1,200
          991,426;39,015;29,891;1,200
          992,427;39,008;29,891;1,200
          993,428;39,000;30,126;1,200
          994,430;38,993;30,126;1,200
          995,431;38,987;30,126;1,200
          996,433;38,983;30,126;1,200
          997,434;38,981;30,126;1,200
          998,436;38,983;30,126;1,200
          999,437;38,986;30,126;1,200
         1000,439;38,986;29,891;1,200
         1001,440;38,987;29,891;1,200
         1002,441;38,984;29,891;1,200
         1003,443;38,979;29,891;1,200
         1004,444;38,969;29,891;1,200
         1005,446;38,957;30,126;1,200
         1006,447;38,946;30,126;1,200
         1007,449;38,936;30,126;1,200
         1008,450;38,930;30,126;1,200
         1009,451;38,928;30,126;1,200
         1010,453;38,931;30,126;1,200
         1011,454;38,936;30,126;1,200
         1012,456;38,941;29,891;1,200
         1013,457;38,949;29,891;1,200
         1014,459;38,957;29,891;1,200
         1015,460;38,962;29,891;1,200
         1016,462;38,962;29,891;1,200
         1017,463;38,955;29,891;1,200
         1018,464;38,949;30,126;1,200
         1019,466;38,941;30,126;1,200
         1020,467;38,936;30,126;1,200
         1021,469;38,933;30,126;1,200
         1022,470;38,935;30,126;1,200
         1023,472;38,943;30,126;1,200
         1024,473;38,954;30,126;1,200
         1025,475;38,965;29,891;1,200
         1026,476;38,976;29,891;1,200
         1027,477;38,986;29,891;1,200
         1028,479;38,991;29,891;1,200
         1029,480;38,989;29,891;1,200
         1030,482;38,988;30,126;1,200
         1031,483;38,988;30,126;1,200
         1032,485;38,991;30,126;1,200
         1033,486;38,997;30,126;1,200
         1034,487;39,005;30,126;1,200
         1035,489;39,019;30,126;1,200
         1036,490;39,032;30,126;1,200
         1037,492;39,045;29,891;1,200
         1038,493;39,057;29,891;1,200
         1039,495;39,063;29,891;1,200
         1040,496;39,065;29,891;1,200
         1041,498;39,060;29,891;1,200
         1042,499;39,056;30,126;1,200
         1043,500;39,052;30,126;1,200
         1044,502;39,050;30,126;1,200
         1045,503;39,053;30,126;1,200
         1046,505;39,060;30,126;1,200
         1047,506;39,073;30,126;1,200
         1048,508;39,086;30,126;1,200
         1049,509;39,098;29,891;1,200
         1050,511;39,109;29,891;1,200
         1051,512;39,116;29,891;1,200
         1052,513;39,117;29,891;1,200
         1053,515;39,118;29,891;1,200
         1054,516;39,116;30,126;1,200
         1055,518;39,114;30,126;1,200
         1056,519;39,111;30,126;1,200
         1057,521;39,108;30,126;1,200
         1058,522;39,106;30,126;1,200
         1059,523;39,110;30,126;1,200
         1060,525;39,116;29,891;1,200
         1061,526;39,123;29,891;1,200
         1062,528;39,127;29,891;1,200
         1063,529;39,126;29,891;1,200
         1064,531;39,124;29,891;1,200
         1065,532;39,122;30,126;1,200
         1066,534;39,122;30,126;1,200
         1067,535;39,125;30,126;1,200
         1068,536;39,131;30,126;1,200
         1069,538;39,143;30,126;1,200
         1070,539;39,153;30,126;1,200
         1071,541;39,163;29,891;1,200
         1072,542;39,169;29,891;1,200
         1073,544;39,169;29,891;1,200
         1074,545;39,164;29,891;1,200
         1075,547;39,153;29,891;1,200
         1076,548;39,139;29,891;1,200
         1077,549;39,129;30,126;1,200
         1078,551;39,119;30,126;1,200
         1079,552;39,112;30,126;1,200
         1080,554;39,109;30,126;1,200
         1081,555;39,110;30,126;1,200
         1082,557;39,118;30,126;1,200
         1083,558;39,128;30,126;1,200
         1084,559;39,141;29,891;1,200
         1085,561;39,156;29,891;1,200
         1086,562;39,168;29,891;1,200
         1087,564;39,176;29,891;1,200
         1088,565;39,179;29,891;1,200
         1089,567;39,176;29,891;1,200
         1090,568;39,171;29,891;1,200
         1091,570;39,164;29,891;1,200
         1092,571;39,158;30,126;1,200
         1093,572;39,150;30,126;1,200
         1094,574;39,141;30,126;1,200
         1095,575;39,136;30,126;1,200
         1096,577;39,136;30,126;1,200
         1097,578;39,144;30,126;1,200
         1098,580;39,156;30,126;1,200
         1099,581;39,170;30,126;1,200
         1100,583;39,182;29,891;1,200
         1101,584;39,193;29,891;1,200
         1102,585;39,203;29,891;1,200
         1103,587;39,211;29,891;1,200
         1104,588;39,218;29,891;1,200
         1105,590;39,221;29,891;1,200
         1106,591;39,222;29,891;1,200
         1107,593;39,222;29,891;1,200
         1108,594;39,223;30,126;1,200
         1109,595;39,221;30,126;1,200
         1110,597;39,218;30,126;1,200
         1111,598;39,213;30,126;1,200
         1112,600;39,208;30,126;1,200
         1113,601;39,203;30,126;1,200
         1114,603;39,205;30,126;1,200
         1115,604;39,209;30,126;1,200
         1116,606;39,216;30,126;1,200
         1117,607;39,226;29,891;1,200
         1118,608;39,238;29,891;1,200
         1119,610;39,249;29,891;1,200
         1120,611;39,262;29,891;1,200
         1121,613;39,271;29,891;1,200
         1122,614;39,277;29,891;1,200
         1123,616;39,276;29,891;1,200
         1124,617;39,271;29,891;1,200
         1125,619;39,266;29,891;1,200
         1126,620;39,259;30,126;1,200
         1127,621;39,249;30,126;1,200
         1128,623;39,239;30,126;1,200
         1129,624;39,230;30,126;1,200
         1130,626;39,222;30,126;1,200
         1131,627;39,219;30,126;1,200
         1132,629;39,219;30,126;1,200
         1133,630;39,225;30,126;1,200
         1134,631;39,231;30,126;1,200
         1135,633;39,239;30,126;1,200
         1136,634;39,245;30,126;1,200
         1137,636;39,253;30,126;1,200
         1138,637;39,262;29,891;1,200
         1139,639;39,274;29,891;1,200
         1140,640;39,287;29,891;1,200
         1141,642;39,302;29,891;1,200
         1142,643;39,316;29,891;1,200
         1143,644;39,329;29,891;1,200
         1144,646;39,341;29,891;1,200
         1145,647;39,348;29,891;1,200
         1146,649;39,349;29,891;1,200
         1147,650;39,349;29,891;1,200
         1148,652;39,346;30,126;1,200
         1149,653;39,341;30,126;1,200
         1150,655;39,334;30,126;1,200
         1151,656;39,327;30,126;1,200
         1152,657;39,323;30,126;1,200
         1153,659;39,325;30,126;1,200
         1154,660;39,334;30,126;1,200
         1155,662;39,344;30,126;1,200
         1156,663;39,356;30,126;1,200
         1157,665;39,369;29,891;1,200
         1158,666;39,383;29,891;1,200
         1159,667;39,395;29,891;1,200
         1160,669;39,403;29,891;1,200
         1161,670;39,412;29,891;1,200
         1162,672;39,416;29,891;1,200
         1163,673;39,418;29,891;1,200
         1164,675;39,418;30,126;1,200
         1165,676;39,417;30,126;1,200
         1166,678;39,415;30,126;1,200
         1167,679;39,416;30,126;1,200
         1168,680;39,415;30,126;1,200
         1169,682;39,414;30,126;1,200
         1170,683;39,416;30,126;1,200
         1171,685;39,422;30,126;1,200
         1172,686;39,429;30,126;1,200
         1173,688;39,434;29,891;1,200
         1174,689;39,439;29,891;1,200
         1175,691;39,445;29,891;1,200
         1176,692;39,449;29,891;1,200
         1177,693;39,452;29,891;1,200
         1178,695;39,453;29,891;1,200
         1179,696;39,450;29,891;1,200
         1180,698;39,444;29,891;1,200
         1181,699;39,437;30,126;1,200
         1182,701;39,430;30,126;1,200
         1183,702;39,423;30,126;1,200
         1184,703;39,417;30,126;1,200
         1185,705;39,413;30,126;1,200
         1186,706;39,414;30,126;1,200
         1187,708;39,417;30,126;1,200
         1188,709;39,424;30,126;1,200
         1189,711;39,435;30,126;1,200
         1190,712;39,448;30,126;1,200
         1191,714;39,460;29,891;1,200
         1192,715;39,471;29,891;1,200
         1193,716;39,483;29,891;1,200
         1194,718;39,493;29,891;1,200
         1195,719;39,498;29,891;1,200
         1196,721;39,496;29,891;1,200
         1197,722;39,491;29,891;1,200
         1198,724;39,484;30,126;1,200
         1199,725;39,475;30,126;1,200
         1200,727;39,465;30,126;1,200
         1201,728;39,459;30,126;1,200
         1202,729;39,457;30,126;1,200
         1203,731;39,460;30,126;1,200
         1204,732;39,467;30,126;1,200
         1205,734;39,481;30,126;1,200
         1206,735;39,497;30,126;1,200
         1207,737;39,512;30,126;1,200
         1208,738;39,525;30,126;1,200
         1209,739;39,536;29,891;1,200
         1210,741;39,543;29,891;1,200
         1211,742;39,547;29,891;1,200
         1212,744;39,550;29,891;1,200
         1213,745;39,552;29,891;1,200
         1214,747;39,553;29,891;1,200
         1215,748;39,553;29,891;1,200
         1216,750;39,550;29,891;1,200
         1217,751;39,547;29,891;1,200
         1218,752;39,542;30,126;1,200
         1219,754;39,540;30,126;1,200
         1220,755;39,538;30,126;1,200
         1221,757;39,536;30,126;1,200
         1222,758;39,539;30,126;1,200
         1223,760;39,544;30,126;1,200
         1224,761;39,553;30,126;1,200
         1225,763;39,564;30,126;1,200
         1226,764;39,580;30,126;1,200
         1227,765;39,597;30,126;1,200
         1228,767;39,615;30,126;1,200
         1229,768;39,631;30,126;1,200
         1230,770;39,644;29,891;1,200
         1231,771;39,656;29,891;1,200
         1232,773;39,667;29,891;1,200
         1233,774;39,675;29,891;1,200
         1234,775;39,682;29,891;1,200
         1235,777;39,689;29,891;1,200
         1236,778;39,692;29,891;1,200
         1237,780;39,695;29,891;1,200
         1238,781;39,694;29,891;1,200
         1239,783;39,693;29,891;1,200
         1240,784;39,691;30,126;1,200
         1241,786;39,690;30,126;1,200
         1242,787;39,687;30,126;1,200
         1243,788;39,686;30,126;1,200
         1244,790;39,685;30,126;1,200
         1245,791;39,686;30,126;1,200
         1246,793;39,686;30,126;1,200
         1247,794;39,688;30,126;1,200
         1248,796;39,693;30,126;1,200
         1249,797;39,701;30,126;1,200
         1250,799;39,712;30,126;1,200
         1251,800;39,722;30,126;1,200
         1252,801;39,735;30,126;1,200
         1253,803;39,748;30,126;1,200
         1254,804;39,759;29,891;1,200
         1255,806;39,773;29,891;1,200
         1256,807;39,784;29,891;1,200
         1257,809;39,792;29,891;1,200
         1258,810;39,796;29,891;1,200
         1259,811;39,796;29,891;1,200
         1260,813;39,793;29,891;1,200
         1261,814;39,787;29,891;1,200
         1262,816;39,776;29,891;1,200
         1263,817;39,763;29,891;1,200
         1264,819;39,750;29,891;1,200
         1265,820;39,737;30,126;1,200
         1266,822;39,718;30,126;1,200
         1267,823;39,707;30,126;1,200
         1268,824;39,698;30,126;1,200
         1269,826;39,690;30,126;1,200
         1270,827;39,683;30,126;1,200
         1271,829;39,680;30,126;1,200
         1272,830;39,677;30,126;1,200
         1273,832;39,680;30,126;1,200
         1274,833;39,684;30,126;1,200
         1275,835;39,687;30,126;1,200
         1276,836;39,692;29,891;1,200
         1277,837;39,698;29,891;1,200
         1278,839;39,701;29,891;1,200
         1279,840;39,706;29,891;1,200
         1280,842;39,709;29,891;1,200
         1281,843;39,708;29,891;1,200
         1282,845;39,707;29,891;1,200
         1283,846;39,704;29,891;1,200
         1284,847;39,698;30,126;1,200
         1285,849;39,692;30,126;1,200
         1286,850;39,685;30,126;1,200
         1287,852;39,675;30,126;1,200
         1288,853;39,667;30,126;1,200
         1289,855;39,662;30,126;1,200
         1290,856;39,659;30,126;1,200
         1291,858;39,663;30,126;1,200
         1292,859;39,667;30,126;1,200
         1293,860;39,674;30,126;1,200
         1294,862;39,682;30,126;1,200
         1295,863;39,692;29,891;1,200
         1296,865;39,700;29,891;1,200
         1297,866;39,708;29,891;1,200
         1298,868;39,715;29,891;1,200
         1299,869;39,718;29,891;1,200
         1300,871;39,719;29,891;1,200
         1301,872;39,714;29,891;1,200
         1302,873;39,708;29,891;1,200
         1303,875;39,700;30,126;1,200
         1304,876;39,695;30,126;1,200
         1305,878;39,691;30,126;1,200
         1306,879;39,689;30,126;1,200
         1307,881;39,688;30,126;1,200
         1308,882;39,687;30,126;1,200
         1309,883;39,692;30,126;1,200
         1310,885;39,697;30,126;1,200
         1311,886;39,701;30,126;1,200
         1312,888;39,704;29,891;1,200
         1313,889;39,709;29,891;1,200
         1314,891;39,713;29,891;1,200
         1315,892;39,713;29,891;1,200
         1316,894;39,711;29,891;1,200
         1317,895;39,708;29,891;1,200
         1318,896;39,702;30,126;1,200
         1319,898;39,695;30,126;1,200
         1320,899;39,689;30,126;1,200
         1321,901;39,682;30,126;1,200
         1322,902;39,679;30,126;1,200
         1323,904;39,683;30,126;1,200
         1324,905;39,691;30,126;1,200
         1325,907;39,704;30,126;1,200
         1326,908;39,718;29,891;1,200
         1327,909;39,733;29,891;1,200
         1328,911;39,749;29,891;1,200
         1329,912;39,761;29,891;1,200
         1330,914;39,772;29,891;1,200
         1331,915;39,778;29,891;1,200
         1332,917;39,781;30,126;1,200
         1333,918;39,780;30,126;1,200
         1334,919;39,778;30,126;1,200
         1335,921;39,778;30,126;1,200
         1336,922;39,782;30,126;1,200
         1337,924;39,792;30,126;1,200
         1338,925;39,802;30,126;1,200
         1339,927;39,809;29,891;1,200
         1340,928;39,818;29,891;1,200
         1341,930;39,826;29,891;1,200
         1342,931;39,833;29,891;1,200
         1343,932;39,836;29,891;1,200
         1344,934;39,837;29,891;1,200
         1345,935;39,838;30,126;1,200
         1346,937;39,841;30,126;1,200
         1347,938;39,846;30,126;1,200
         1348,940;39,852;30,126;1,200
         1349,941;39,859;30,126;1,200
         1350,943;39,868;30,126;1,200
         1351,944;39,874;30,126;1,200
         1352,945;39,879;29,891;1,200
         1353,947;39,883;29,891;1,200
         1354,948;39,885;29,891;1,200
         1355,950;39,882;29,891;1,200
         1356,951;39,875;29,891;1,200
         1357,953;39,870;30,126;1,200
         1358,954;39,865;30,126;1,200
         1359,955;39,863;30,126;1,200
         1360,957;39,866;30,126;1,200
         1361,958;39,876;30,126;1,200
         1362,960;39,886;30,126;1,200
         1363,961;39,894;29,891;1,200
         1364,963;39,900;29,891;1,200
         1365,964;39,904;29,891;1,200
         1366,966;39,908;29,891;1,200
         1367,967;39,908;29,891;1,200
         1368,968;39,908;29,891;1,200
         1369,970;39,906;30,126;1,200
         1370,971;39,905;30,126;1,200
         1371,973;39,905;30,126;1,200
         1372,974;39,909;30,126;1,200
         1373,976;39,919;30,126;1,200
         1374,977;39,930;30,126;1,200
         1375,979;39,944;30,126;1,200
         1376,980;39,954;29,891;1,200
         1377,981;39,964;29,891;1,200
         1378,983;39,972;29,891;1,200
         1379,984;39,978;29,891;1,200
         1380,986;39,980;29,891;1,200
         1381,987;39,978;30,126;1,200
         1382,989;39,976;30,126;1,200
         1383,990;39,972;30,126;1,200
         1384,991;39,968;30,126;1,200
         1385,993;39,965;30,126;1,200
         1386,994;39,963;30,126;1,200
         1387,996;39,966;30,126;1,200
         1388,997;39,972;30,126;1,200
         1389,999;39,978;29,891;1,200
         1391,000;39,982;29,891;1,200
         1392,002;39,984;29,891;1,200
         1393,003;39,985;29,891;1,200
         1394,004;39,980;29,891;1,200
         1395,006;39,975;29,891;1,200
         1396,007;39,968;30,126;1,200
         1397,009;39,959;30,126;1,200
         1398,010;39,950;30,126;1,200
         1399,012;39,942;30,126;1,200
         1400,013;39,943;30,126;1,200
         1401,015;39,944;30,126;1,200
         1402,016;39,946;29,891;1,200
         1403,017;39,949;29,891;1,200
         1404,019;39,954;29,891;1,200
         1405,020;39,960;29,891;1,200
         1406,022;39,963;29,891;1,200
         1407,023;39,967;29,891;1,200
         1408,025;39,969;30,126;1,200
         1409,026;39,973;30,126;1,200
         1410,027;39,976;30,126;1,200
         1411,029;39,981;30,126;1,200
         1412,030;39,986;30,126;1,200
         1413,032;39,995;30,126;1,200
         1414,033;40,005;30,126;1,200
         1415,035;40,012;30,126;1,200
         1416,036;40,019;29,891;1,200
         1417,038;40,022;29,891;1,200
         1418,039;40,021;29,891;1,200
         1419,040;40,018;29,891;1,200
         1420,042;40,014;29,891;1,200
         1421,043;40,008;29,891;1,200
         1422,045;40,000;29,891;1,200
         1423,046;39,989;30,126;1,200
         1424,048;39,984;30,126;1,200
         1425,049;39,979;30,126;1,200
         1426,051;39,976;30,126;1,200
         1427,052;39,975;30,126;1,200
         1428,053;39,975;30,126;1,200
         1429,055;39,978;30,126;1,200
         1430,056;39,984;30,126;1,200
         1431,058;39,990;30,126;1,200
         1432,059;39,996;29,891;1,200
         1433,061;40,003;29,891;1,200
         1434,062;40,007;29,891;1,200
         1435,063;40,009;29,891;1,200
         1436,065;40,005;29,891;1,200
         1437,066;39,995;29,891;1,200
         1438,068;39,985;29,891;1,200
         1439,069;39,974;30,126;1,200
         1440,071;39,963;30,126;1,200
         1441,072;39,952;30,126;1,200
         1442,074;39,941;30,126;1,200
         1443,075;39,936;30,126;1,200
         1444,076;39,936;30,126;1,200
         1445,078;39,937;30,126;1,200
         1446,079;39,938;29,891;1,200
         1447,081;39,939;29,891;1,200
         1448,082;39,938;29,891;1,200
         1449,084;39,929;29,891;1,200
         1450,085;39,915;29,891;1,200
         1451,087;39,897;29,891;1,200
         1452,088;39,879;30,126;1,200
         1453,089;39,863;30,126;1,200
         1454,091;39,855;30,126;1,200
         1455,092;39,851;30,126;1,200
         1456,094;39,857;30,126;1,200
         1457,095;39,863;30,126;1,200
         1458,097;39,870;29,891;1,200
         1459,098;39,878;29,891;1,200
         1460,099;39,884;29,891;1,200
         1461,101;39,887;29,891;1,200
         1462,102;39,885;29,891;1,200
         1463,104;39,880;29,891;1,200
         1464,105;39,875;30,126;1,200
         1465,107;39,874;30,126;1,200
         1466,108;39,873;30,126;1,200
         1467,110;39,875;30,126;1,200
         1468,111;39,878;30,126;1,200
         1469,112;39,885;30,126;1,200
         1470,114;39,891;30,126;1,200
         1471,115;39,896;30,126;1,200
         1472,117;39,899;29,891;1,200
         1473,118;39,900;29,891;1,200
         1474,120;39,896;29,891;1,200
         1475,121;39,890;29,891;1,200
         1476,123;39,882;29,891;1,200
         1477,124;39,874;29,891;1,200
         1478,125;39,869;30,126;1,200
         1479,127;39,865;30,126;1,200
         1480,128;39,865;30,126;1,200
         1481,130;39,869;30,126;1,200
         1482,131;39,878;30,126;1,200
         1483,133;39,895;30,126;1,200
         1484,134;39,915;30,126;1,200
         1485,135;39,936;30,126;1,200
         1486,137;39,954;29,891;1,200
         1487,138;39,971;29,891;1,200
         1488,140;39,983;29,891;1,200
         1489,141;39,992;29,891;1,200
         1490,143;39,995;29,891;1,200
         1491,144;39,997;29,891;1,200
         1492,146;40,000;30,126;1,200
         1493,147;40,000;30,126;1,200
         1494,148;39,999;30,126;1,200
         1495,150;39,999;30,126;1,200
         1496,151;39,999;30,126;1,200
         1497,153;40,007;30,126;1,200
         1498,154;40,016;30,126;1,200
         1499,156;40,025;30,126;1,200
         1500,157;40,037;29,891;1,200
         1501,159;40,050;29,891;1,200
         1502,160;40,062;29,891;1,200
         1503,161;40,072;29,891;1,200
         1504,163;40,079;29,891;1,200
         1505,164;40,080;29,891;1,200
         1506,166;40,078;29,891;1,200
         1507,167;40,075;30,126;1,200
         1508,169;40,073;30,126;1,200
         1509,170;40,072;30,126;1,200
         1510,171;40,074;30,126;1,200
         1511,173;40,081;30,126;1,200
         1512,174;40,092;30,126;1,200
         1513,176;40,109;30,126;1,200
         1514,177;40,126;30,126;1,200
         1515,179;40,141;30,126;1,200
         1516,180;40,153;29,891;1,200
         1517,182;40,166;29,891;1,200
         1518,183;40,178;29,891;1,200
         1519,184;40,188;29,891;1,200
         1520,186;40,197;29,891;1,200
         1521,187;40,202;29,891;1,200
         1522,189;40,203;29,891;1,200
         1523,190;40,202;30,126;1,200
         1524,192;40,201;30,126;1,200
         1525,193;40,201;30,126;1,200
         1526,195;40,203;30,126;1,200
         1527,196;40,210;30,126;1,200
         1528,197;40,223;30,126;1,200
         1529,199;40,243;30,126;1,200
         1530,200;40,268;30,126;1,200
         1531,202;40,293;30,126;1,200
         1532,203;40,316;29,891;1,200
         1533,205;40,336;29,891;1,200
         1534,206;40,354;29,891;1,200
         1535,207;40,370;29,891;1,200
         1536,209;40,378;29,891;1,200
         1537,210;40,383;29,891;1,200
         1538,212;40,388;30,126;1,200
         1539,213;40,393;30,126;1,200
         1540,215;40,396;30,126;1,200
         1541,216;40,400;30,126;1,200
         1542,218;40,403;30,126;1,200
         1543,219;40,409;30,126;1,200
         1544,220;40,415;30,126;1,200
         1545,222;40,417;29,891;1,200
         1546,223;40,417;29,891;1,200
         1547,225;40,414;29,891;1,200
         1548,226;40,406;29,891;1,200
         1549,228;40,391;29,891;1,200
         1550,229;40,372;30,126;1,200
         1551,231;40,353;30,126;1,200
         1552,232;40,334;30,126;1,200
         1553,233;40,317;30,126;1,200
         1554,235;40,304;30,126;1,200
         1555,236;40,297;30,126;1,200
         1556,238;40,289;30,126;1,200
         1557,239;40,278;29,891;1,200
         1558,241;40,268;29,891;1,200
         1559,242;40,256;29,891;1,200
         1560,243;40,238;29,891;1,200
         1561,245;40,221;30,126;1,200
         1562,246;40,204;30,126;1,200
         1563,248;40,187;30,126;1,200
         1564,249;40,171;30,126;1,200
         1565,251;40,161;30,126;1,200
         1566,252;40,159;30,126;1,200
         1567,254;40,161;30,126;1,200
         1568,255;40,166;29,891;1,200
         1569,256;40,173;29,891;1,200
         1570,258;40,179;29,891;1,200
         1571,259;40,180;29,891;1,200
         1572,261;40,181;29,891;1,200
         1573,262;40,182;30,126;1,200
         1574,264;40,185;30,126;1,200
         1575,265;40,190;30,126;1,200
         1576,267;40,198;30,126;1,200
         1577,268;40,216;30,126;1,200
         1578,269;40,237;30,126;1,200
         1579,271;40,258;29,891;1,200
         1580,272;40,278;29,891;1,200
         1581,274;40,295;29,891;1,200
         1582,275;40,308;29,891;1,200
         1583,277;40,313;29,891;1,200
         1584,278;40,316;30,126;1,200
         1585,279;40,317;30,126;1,200
         1586,281;40,318;30,126;1,200
         1587,282;40,317;30,126;1,200
         1588,284;40,315;30,126;1,200
         1589,285;40,322;30,126;1,200
         1590,287;40,329;30,126;1,200
         1591,288;40,334;29,891;1,200
         1592,290;40,339;29,891;1,200
         1593,291;40,343;29,891;1,200
         1594,292;40,345;29,891;1,200
         1595,294;40,340;29,891;1,200
         1596,295;40,331;30,126;1,200
         1597,297;40,318;30,126;1,200
         1598,298;40,303;30,126;1,200
         1599,300;40,286;30,126;1,200
         1600,301;40,271;30,126;1,200
         1601,303;40,260;30,126;1,200
         1602,304;40,249;30,126;1,200
         1603,305;40,236;30,126;1,200
         1604,307;40,222;29,891;1,200
         1605,308;40,204;29,891;1,200
         1606,310;40,186;29,891;1,200
         1607,311;40,165;29,891;1,200
         1608,313;40,140;29,891;1,200
         1609,314;40,116;29,891;1,200
         1610,315;40,092;30,126;1,200
         1611,317;40,072;30,126;1,200
         1612,318;40,056;30,126;1,200
         1613,320;40,046;30,126;1,200
         1614,321;40,040;30,126;1,200
         1615,323;40,041;30,126;1,200
         1616,324;40,045;30,126;1,200
         1617,326;40,048;30,126;1,200
         1618,327;40,051;29,891;1,200
         1619,328;40,051;29,891;1,200
         1620,330;40,050;29,891;1,200
         1621,331;40,047;29,891;1,200
         1622,333;40,042;29,891;1,200
         1623,334;40,035;29,891;1,200
         1624,336;40,032;30,126;1,200
         1625,337;40,031;30,126;1,200
         1626,339;40,031;30,126;1,200
         1627,340;40,037;30,126;1,200
         1628,341;40,046;30,126;1,200
         1629,343;40,060;30,126;1,200
         1630,344;40,075;30,126;1,200
         1631,346;40,089;29,891;1,200
         1632,347;40,104;29,891;1,200
         1633,349;40,118;29,891;1,200
         1634,350;40,127;29,891;1,200
         1635,351;40,131;29,891;1,200
         1636,353;40,131;29,891;1,200
         1637,354;40,131;30,126;1,200
         1638,356;40,129;30,126;1,200
         1639,357;40,124;30,126;1,200
         1640,359;40,119;30,126;1,200
         1641,360;40,118;30,126;1,200
         1642,362;40,122;30,126;1,200
         1643,363;40,126;30,126;1,200
         1644,364;40,129;30,126;1,200
         1645,366;40,129;29,891;1,200
         1646,367;40,128;29,891;1,200
         1647,369;40,126;29,891;1,200
         1648,370;40,121;29,891;1,200
         1649,372;40,111;29,891;1,200
         1650,373;40,095;29,891;1,200
         1651,375;40,076;30,126;1,200
         1652,376;40,055;30,126;1,200
         1653,377;40,035;30,126;1,200
         1654,379;40,018;30,126;1,200
         1655,380;40,005;30,126;1,200
         1656,382;39,997;30,126;1,200
         1657,383;39,993;30,126;1,200
         1658,385;39,993;30,126;1,200
         1659,386;39,997;30,126;1,200
         1660,387;40,004;29,891;1,200
         1661,389;40,013;29,891;1,200
         1662,390;40,022;29,891;1,200
         1663,392;40,030;29,891;1,200
         1664,393;40,037;29,891;1,200
         1665,395;40,039;29,891;1,200
         1666,396;40,040;30,126;1,200
         1667,398;40,038;30,126;1,200
         1668,399;40,035;30,126;1,200
         1669,400;40,032;30,126;1,200
         1670,402;40,031;30,126;1,200
         1671,403;40,034;30,126;1,200
         1672,405;40,038;30,126;1,200
         1673,406;40,045;30,126;1,200
         1674,408;40,053;29,891;1,200
         1675,409;40,058;29,891;1,200
         1676,411;40,061;29,891;1,200
         1677,412;40,061;29,891;1,200
         1678,413;40,057;29,891;1,200
         1679,415;40,048;29,891;1,200
         1680,416;40,034;29,891;1,200
         1681,418;40,017;30,126;1,200
         1682,419;39,998;30,126;1,200
         1683,421;39,980;30,126;1,200
         1684,422;39,963;30,126;1,200
         1685,423;39,947;30,126;1,200
         1686,425;39,935;30,126;1,200
         1687,426;39,927;30,126;1,200
         1688,428;39,922;30,126;1,200
         1689,429;39,915;30,126;1,200
         1690,431;39,908;29,891;1,200
         1691,432;39,901;29,891;1,200
         1692,434;39,896;29,891;1,200
         1693,435;39,892;29,891;1,200
         1694,436;39,887;29,891;1,200
         1695,438;39,878;29,891;1,200
         1696,439;39,870;30,126;1,200
         1697,441;39,860;30,126;1,200
         1698,442;39,851;30,126;1,200
         1699,444;39,843;30,126;1,200
         1700,445;39,838;30,126;1,200
         1701,447;39,835;30,126;1,200
         1702,448;39,838;30,126;1,200
         1703,449;39,840;30,126;1,200
         1704,451;39,842;30,126;1,200
         1705,452;39,844;29,891;1,200
         1706,454;39,845;29,891;1,200
         1707,455;39,842;29,891;1,200
         1708,457;39,836;29,891;1,200
         1709,458;39,827;29,891;1,200
         1710,459;39,812;29,891;1,200
         1711,461;39,796;29,891;1,200
         1712,462;39,777;30,126;1,200
         1713,464;39,760;30,126;1,200
         1714,465;39,743;30,126;1,200
         1715,467;39,729;30,126;1,200
         1716,468;39,718;30,126;1,200
         1717,470;39,713;30,126;1,200
         1718,471;39,713;30,126;1,200
         1719,472;39,714;30,126;1,200
         1720,474;39,715;29,891;1,200
         1721,475;39,714;29,891;1,200
         1722,477;39,711;29,891;1,200
         1723,478;39,707;29,891;1,200
         1724,480;39,699;29,891;1,200
         1725,481;39,687;29,891;1,200
         1726,483;39,672;29,891;1,200
         1727,484;39,655;30,126;1,200
         1728,485;39,639;30,126;1,200
         1729,487;39,624;30,126;1,200
         1730,488;39,611;30,126;1,200
         1731,490;39,602;30,126;1,200
         1732,491;39,595;30,126;1,200
         1733,493;39,593;30,126;1,200
         1734,494;39,599;30,126;1,200
         1735,495;39,608;30,126;1,200
         1736,497;39,619;30,126;1,200
         1737,498;39,631;30,126;1,200
         1738,500;39,641;29,891;1,200
         1739,501;39,650;29,891;1,200
         1740,503;39,659;29,891;1,200
         1741,504;39,665;29,891;1,200
         1742,506;39,669;29,891;1,200
         1743,507;39,671;29,891;1,200
         1744,508;39,667;29,891;1,200
         1745,510;39,663;29,891;1,200
         1746,511;39,655;29,891;1,200
         1747,513;39,648;30,126;1,200
         1748,514;39,639;30,126;1,200
         1749,516;39,630;30,126;1,200
         1750,517;39,622;30,126;1,200
         1751,519;39,619;30,126;1,200
         1752,520;39,620;30,126;1,200
         1753,521;39,627;30,126;1,200
         1754,523;39,642;30,126;1,200
         1755,524;39,659;30,126;1,200
         1756,526;39,673;30,126;1,200
         1757,527;39,687;30,126;1,200
         1758,529;39,699;29,891;1,200
         1759,530;39,709;29,891;1,200
         1760,531;39,719;29,891;1,200
         1761,533;39,729;29,891;1,200
         1762,534;39,738;29,891;1,200
         1763,536;39,746;29,891;1,200
         1764,537;39,751;29,891;1,200
         1765,539;39,752;29,891;1,200
         1766,540;39,753;29,891;1,200
         1767,542;39,754;30,126;1,200
         1768,543;39,755;30,126;1,200
         1769,544;39,756;30,126;1,200
         1770,546;39,756;30,126;1,200
         1771,547;39,758;30,126;1,200
         1772,549;39,762;30,126;1,200
         1773,550;39,770;30,126;1,200
         1774,552;39,778;30,126;1,200
         1775,553;39,785;30,126;1,200
         1776,555;39,793;30,126;1,200
         1777,556;39,800;29,891;1,200
         1778,557;39,808;29,891;1,200
         1779,559;39,815;29,891;1,200
         1780,560;39,819;29,891;1,200
         1781,562;39,824;29,891;1,200
         1782,563;39,822;29,891;1,200
         1783,565;39,817;29,891;1,200
         1784,566;39,812;29,891;1,200
         1785,567;39,807;30,126;1,200
         1786,569;39,804;30,126;1,200
         1787,570;39,803;30,126;1,200
         1788,572;39,803;30,126;1,200
         1789,573;39,805;30,126;1,200
         1790,575;39,809;30,126;1,200
         1791,576;39,816;30,126;1,200
         1792,578;39,823;30,126;1,200
         1793,579;39,837;30,126;1,200
         1794,580;39,853;30,126;1,200
         1795,582;39,868;30,126;1,200
         1796,583;39,883;30,126;1,200
         1797,585;39,900;29,891;1,200
         1798,586;39,916;29,891;1,200
         1799,588;39,931;29,891;1,200
         1800,589;39,944;29,891;1,200
         1801,591;39,956;29,891;1,200
         1802,592;39,959;29,891;1,200
         1803,593;39,963;29,891;1,200
         1804,595;39,966;30,126;1,200
         1805,596;39,968;30,126;1,200
         1806,598;39,972;30,126;1,200
         1807,599;39,978;30,126;1,200
         1808,601;39,987;30,126;1,200
         1809,602;39,997;30,126;1,200
         1810,603;40,014;30,126;1,200
         1811,605;40,030;30,126;1,200
         1812,606;40,045;30,126;1,200
         1813,608;40,058;29,891;1,200
         1814,609;40,069;29,891;1,200
         1815,611;40,075;29,891;1,200
         1816,612;40,078;29,891;1,200
         1817,614;40,078;29,891;1,200
         1818,615;40,074;29,891;1,200
         1819,616;40,070;30,126;1,200
         1820,618;40,068;30,126;1,200
         1821,619;40,067;30,126;1,200
         1822,621;40,068;30,126;1,200
         1823,622;40,073;30,126;1,200
         1824,624;40,081;30,126;1,200
         1825,625;40,093;30,126;1,200
         1826,627;40,108;30,126;1,200
         1827,628;40,123;29,891;1,200
         1828,629;40,138;29,891;1,200
         1829,631;40,151;29,891;1,200
         1830,632;40,158;29,891;1,200
         1831,634;40,161;29,891;1,200
         1832,635;40,161;29,891;1,200
         1833,637;40,160;30,126;1,200
         1834,638;40,159;30,126;1,200
         1835,639;40,157;30,126;1,200
         1836,641;40,157;30,126;1,200
         1837,642;40,161;30,126;1,200
         1838,644;40,171;30,126;1,200
         1839,645;40,180;30,126;1,200
         1840,647;40,186;29,891;1,200
         1841,648;40,189;29,891;1,200
         1842,650;40,189;29,891;1,200
         1843,651;40,184;29,891;1,200
         1844,652;40,173;29,891;1,200
         1845,654;40,159;29,891;1,200
         1846,655;40,145;30,126;1,200
         1847,657;40,131;30,126;1,200
         1848,658;40,119;30,126;1,200
         1849,660;40,107;30,126;1,200
         1850,661;40,100;30,126;1,200
         1851,663;40,096;30,126;1,200
         1852,664;40,093;30,126;1,200
         1853,665;40,087;30,126;1,200
         1854,667;40,081;29,891;1,200
         1855,668;40,072;29,891;1,200
         1856,670;40,062;29,891;1,200
         1857,671;40,051;29,891;1,200
         1858,673;40,036;29,891;1,200
         1859,674;40,020;29,891;1,200
         1860,675;40,003;30,126;1,200
         1861,677;39,988;30,126;1,200
         1862,678;39,972;30,126;1,200
         1863,680;39,960;30,126;1,200
         1864,681;39,952;30,126;1,200
         1865,683;39,947;30,126;1,200
         1866,684;39,946;30,126;1,200
         1867,686;39,946;30,126;1,200
         1868,687;39,948;30,126;1,200
         1869,688;39,951;29,891;1,200
         1870,690;39,953;29,891;1,200
         1871,691;39,954;29,891;1,200
         1872,693;39,952;29,891;1,200
         1873,694;39,948;29,891;1,200
         1874,696;39,942;29,891;1,200
         1875,697;39,934;29,891;1,200
         1876,699;39,926;29,891;1,200
         1877,700;39,916;30,126;1,200
         1878,701;39,905;30,126;1,200
         1879,703;39,894;30,126;1,200
         1880,704;39,884;30,126;1,200
         1881,706;39,874;30,126;1,200
         1882,707;39,866;30,126;1,200
         1883,709;39,859;30,126;1,200
         1884,710;39,855;30,126;1,200
         1885,711;39,858;30,126;1,200
         1886,713;39,863;30,126;1,200
         1887,714;39,867;30,126;1,200
         1888,716;39,870;29,891;1,200
         1889,717;39,871;29,891;1,200
         1890,719;39,870;29,891;1,200
         1891,720;39,866;29,891;1,200
         1892,722;39,859;29,891;1,200
         1893,723;39,848;29,891;1,200
         1894,724;39,838;29,891;1,200
         1895,726;39,829;30,126;1,200
         1896,727;39,822;30,126;1,200
         1897,729;39,818;30,126;1,200
         1898,730;39,818;30,126;1,200
         1899,732;39,820;30,126;1,200
         1900,733;39,828;30,126;1,200
         1901,735;39,836;30,126;1,200
         1902,736;39,843;29,891;1,200
         1903,737;39,849;29,891;1,200
         1904,739;39,856;29,891;1,200
         1905,740;39,861;29,891;1,200
         1906,742;39,861;29,891;1,200
         1907,743;39,859;29,891;1,200
         1908,745;39,858;30,126;1,200
         1909,746;39,860;30,126;1,200
         1910,747;39,866;30,126;1,200
         1911,749;39,874;30,126;1,200
         1912,750;39,884;30,126;1,200
         1913,752;39,898;30,126;1,200
         1914,753;39,910;30,126;1,200
         1915,755;39,922;30,126;1,200
         1916,756;39,935;29,891;1,200
         1917,758;39,948;29,891;1,200
         1918,759;39,958;29,891;1,200
         1919,760;39,966;29,891;1,200
         1920,762;39,970;29,891;1,200
         1921,763;39,969;29,891;1,200
         1922,765;39,964;29,891;1,200
         1923,766;39,957;30,126;1,200
         1924,768;39,949;30,126;1,200
         1925,769;39,942;30,126;1,200
         1926,771;39,937;30,126;1,200
         1927,772;39,935;30,126;1,200
         1928,773;39,936;30,126;1,200
         1929,775;39,946;30,126;1,200
         1930,776;39,958;30,126;1,200
         1931,778;39,970;30,126;1,200
         1932,779;39,980;29,891;1,200
         1933,781;39,990;29,891;1,200
         1934,782;40,000;29,891;1,200
         1935,783;40,008;29,891;1,200
         1936,785;40,012;29,891;1,200
         1937,786;40,011;29,891;1,200
         1938,788;40,011;29,891;1,200
         1939,789;40,012;30,126;1,200
         1940,791;40,015;30,126;1,200
         1941,792;40,022;30,126;1,200
         1942,794;40,029;30,126;1,200
         1943,795;40,041;30,126;1,200
         1944,796;40,057;30,126;1,200
         1945,798;40,076;30,126;1,200
         1946,799;40,096;30,126;1,200
         1947,801;40,116;30,126;1,200
         1948,802;40,134;29,891;1,200
         1949,804;40,151;29,891;1,200
         1950,805;40,166;29,891;1,200
         1951,807;40,180;29,891;1,200
         1952,808;40,187;29,891;1,200
         1953,809;40,188;29,891;1,200
         1954,811;40,185;30,126;1,200
         1955,812;40,181;30,126;1,200
         1956,814;40,178;30,126;1,200
         1957,815;40,175;30,126;1,200
         1958,817;40,173;30,126;1,200
         1959,818;40,172;30,126;1,200
         1960,819;40,174;30,126;1,200
         1961,821;40,180;30,126;1,200
         1962,822;40,188;30,126;1,200
         1963,824;40,198;30,126;1,200
         1964,825;40,208;29,656;1,200
